Position within NM4gamma4 phage sequence,Strand,PAM,number of reads
17,-,AGG,0
39,+,AGG,2
68,+,AGG,2
69,+,GGG,6
79,+,AGG,0
80,+,GGG,4
89,-,AGG,15
134,-,TGG,19
161,-,AGG,19
190,-,AGG,19
230,-,CGG,19
233,-,TGG,18
253,-,GCA,1
254,-,GGC,1
255,-,AGG,75
266,+,GAG,1
308,+,AGG,22
309,+,GGA,1
327,-,AGG,26
334,-,AGG,30
342,+,AGG,13
343,+,GGA,1
349,-,AGG,27
352,+,TGG,12
372,-,GGG,3
373,-,AGG,1
390,+,TGG,61
395,-,GGG,94
396,-,TGG,2
397,-,ATG,1
450,-,AGG,130
457,-,CAA,1
461,+,TGG,13
475,-,AGG,69
482,+,CGG,0
485,-,TGG,18
496,-,AGG,16
552,-,AGG,6
577,+,AGG,0
588,+,CGG,4
633,-,AGG,15
646,-,GAT,1
676,+,AGG,20
679,+,TGG,4
694,-,AGG,203
725,+,TGG,2
752,-,GGG,11
753,-,AGG,2
768,+,TGG,7
773,-,TGA,1
804,+,CGG,101
805,+,GGG,153
806,+,GGA,1
817,-,TGG,31
821,-,AGG,10
825,-,GGG,0
826,-,CGG,10
827,+,CGG,26221
837,+,TGG,83
865,-,AGG,29
873,+,AGG,254
927,+,AGG,11
929,+,GAG,1
930,+,AGG,49
942,+,TGG,1
987,-,GTG,1
989,-,GGG,184
990,-,CGG,23
991,-,GCG,5
997,+,GTG,1
998,+,TGG,436
999,+,GGC,3
1024,+,CGG,0
1044,-,CGG,4
1047,-,CGG,25
1065,-,GGT,2
1066,-,TGG,206341
1067,-,TTG,1
1068,-,CTT,30
1070,-,ATC,1
1077,+,AGG,111
1078,+,GGT,1
1154,+,AGG,7
1177,-,TGG,195
1210,+,ATT,1
1230,-,GAG,1
1241,+,CGG,426
1242,+,GGT,2
1308,+,AGG,4
1309,+,GGT,1
1365,+,TGG,82
1389,+,TGG,97
1407,+,TGG,78
1420,-,CGG,56004
1422,-,CTC,6
1426,-,ATC,5
1445,-,TGG,121
1461,+,AGG,128
1641,-,GGT,1
1642,-,AGG,3
1694,-,TGG,21
1706,-,TGG,25
1708,-,GGT,1
1709,-,AGG,94
1742,+,CAA,45
1758,+,AGG,0
1802,+,CGG,6
1835,+,TGG,0
1876,+,TGG,114
1877,+,GGA,2
1902,+,TGG,1
1903,+,GGG,8
1904,+,GGC,2
1905,+,GCA,3
1938,+,AGG,1
1939,+,GGG,0
1966,+,CGG,131
1979,+,CGG,16
2048,+,AGG,477
2060,+,AGG,2
2085,-,GAT,1
2087,-,TGG,76
2103,+,TGG,15
2112,-,TGG,28
2193,-,TGG,3
2246,+,TGG,43
2276,+,CGG,19
2281,-,TTA,1
2288,+,CGG,0
2289,+,GGG,85
2290,+,GGC,1
2310,+,TGG,8
2312,-,AAC,1
2324,+,CGG,1
2328,-,GAA,1
2329,-,GGA,1
2330,-,AGG,270530
2331,-,AAG,9
2332,-,TAA,43
2335,-,TAA,2
2344,+,AGG,34
2345,+,GGG,27
2350,+,TGG,2
2363,-,GGC,2
2364,-,AGG,1068046
2365,-,TAG,4
2366,-,GTA,168
2380,+,TGG,38
2402,+,TAA,2
2403,+,AAA,1
2421,+,CAT,1
2425,+,CGG,30
2429,+,CGG,13
2454,-,TGG,229
2465,+,AGG,136
2471,+,AGG,10
2501,+,AGG,57
2524,+,AGG,113
2527,+,AGG,6
2560,-,GGG,2
2561,-,AGG,0
2564,-,AGG,2
2575,+,TGG,22
2589,+,TGG,1
2593,+,AGG,0
2598,+,TGG,23
2625,-,AGG,47
2626,-,CAG,1
2640,+,AGG,7
2641,+,GGG,24
2677,-,TGG,28
2682,-,CGG,52
2684,-,TTC,1
2720,-,AGG,50
2734,-,CGG,71
2773,+,AGG,12
2774,+,GGA,1
2788,-,GGC,1
2789,-,TGG,2
2803,-,GGT,1
2804,-,TGG,9
2807,-,TGG,61
2813,-,TGG,112
2830,+,AGG,90
2866,-,GGT,1
2867,-,AGG,119
2878,-,TGG,9
2890,+,TGG,132
2918,+,TGG,214
2932,-,CGG,31
2947,+,AGG,24
2978,-,TGG,71
2983,+,AGG,60
2984,+,GGC,1
3009,+,TGG,91
3041,+,TGG,0
3048,+,AGG,21
3051,+,AGG,12
3084,-,AGG,265
3085,-,TAG,1
3130,-,CGG,30
3131,-,ACG,5
3154,+,TGG,36
3164,+,CGG,0
3165,+,GGG,17
3239,+,TGG,869
3300,+,CGG,17
3303,+,AGG,13
3304,+,GGA,1
3328,+,AGG,60
3361,+,CGG,42
3391,+,AGG,0
3399,+,TGG,14
3400,+,GGG,104012
3437,-,TGG,325
3480,+,TGG,20
3499,-,TGG,427
3515,+,TGG,3
3540,+,AGG,33514
3568,+,ATG,1
3569,+,TGG,22
3573,+,AGG,55
3576,+,AGG,0
3617,+,AGG,66
3618,+,GGG,53
3626,-,TGG,30
3647,-,TGG,154
3678,-,TGG,8
3680,+,ACA,1
3698,+,AGG,14
3699,+,GGG,13
3709,+,CGG,85
3714,+,TGG,53
3715,+,GGA,2
3735,+,TGG,8
3779,+,GAG,1
3786,+,AGG,78
3787,+,GGA,1
3788,+,GAG,59
3789,+,AGG,86160
3790,+,GGT,2
3805,+,AGG,0
3819,-,TGG,344
3882,+,AGG,1
3908,+,CGG,5
3917,+,TGG,31
3920,-,GAG,1
3923,+,AGG,1
3931,-,TGG,35
3980,+,AGG,25
3982,+,GTG,1
3983,+,TGG,2
3991,+,CGG,79
4004,+,AGG,9
4062,-,AGG,16
4075,+,AGG,31
4091,+,CGG,5
4174,-,TAG,1
4182,-,TGG,31
4193,+,TGA,1
4197,+,TGG,838
4198,+,GGG,2
4199,+,GGG,0
4241,+,AGG,183
4268,-,TGG,5798
4270,-,AGT,2
4274,-,ACA,1
4283,+,AGG,42
4292,+,AGG,1
4319,+,AGG,0
4334,-,GGG,260
4335,-,AGG,69
4336,-,TAG,1
4404,+,AGG,52
4405,+,GGG,86
4433,+,CGG,1
4470,-,AGG,55
4506,-,AGG,6
4542,-,AGG,4984
4544,-,CTA,1
4552,+,CGG,23
4572,+,AGA,1
4577,+,TGG,50
4599,+,AGG,0
4603,+,CGG,3
4604,+,GGT,1
4626,+,AGG,28
4674,+,CGG,5
4683,+,AGG,5
4684,+,GGG,61
4695,+,TGG,7
4779,+,AGG,0
4810,-,CGG,0
4813,-,CGG,99
4830,-,TGG,37
4865,+,TAG,1
4866,+,AGG,76
4885,-,AGG,13
4904,-,TGG,5
4915,+,ATT,1
4916,+,TTG,20
4917,+,TGG,251023
4918,+,GGT,2
4934,+,TGG,60
4945,+,TGG,0
4965,+,AGG,67
4976,-,TAA,1
4979,+,CGG,0
4995,+,TAA,1
4998,-,GGT,2
4999,-,AGG,4724
5009,+,AGG,11
5010,+,GGG,31
5032,-,AGG,42
5038,-,CGG,6
5039,-,TCG,1
5073,+,CGG,2
5074,+,GGG,13
5075,+,GGG,2
5113,-,TGG,26
5127,+,TGG,40
5130,-,TGG,37
5136,+,TGG,4
5137,+,GGA,1
5147,-,GGT,2
5148,-,TGG,120
5166,+,AGG,58
5168,+,GTG,1
5171,+,TGG,4
5199,-,TGG,16
5214,+,CGG,35
5225,-,CGG,4
5238,+,TGG,166927
5239,+,GGT,2
5280,+,CGG,2
5287,-,TGG,9
5306,+,AGG,14
5311,-,CGG,2
5312,+,CGG,22
5383,+,TGG,60
5384,+,GGG,265
5385,+,GGG,8
5392,-,TGG,12
5429,+,TGG,6
5442,+,AGG,0
5488,+,AGG,0
5489,+,GGG,17
5490,+,GGA,1
5536,-,AGG,4
5590,+,TGG,0
5591,+,GGG,0
5604,-,CGG,0
5622,+,CGG,1
5629,-,AGG,1
5640,-,AGG,7
5642,+,TGG,57
5661,+,CGG,10
5667,+,AGG,64
5668,+,GGC,1
5691,-,TGG,35
5751,+,TGG,128
5778,-,TGG,0
5794,+,TGG,334
5812,+,AGG,11
5832,+,AGG,969
5843,+,AGG,0
5879,-,AGG,15
5891,+,CTT,1
5893,+,TGG,94543
5896,+,CGG,72
5932,+,TGG,45
5952,-,CGG,1
5967,+,AGG,30
5986,-,GGT,1
5987,-,TGG,14
5991,+,AGG,60
5994,+,CGG,5
6011,-,AGG,0
6029,-,GGT,2
6030,-,GGG,1
6031,-,TGG,0
6033,+,AGG,18
6034,+,GGG,6
6035,+,GGG,19
6036,+,GGC,2
6071,-,TGG,9
6095,+,AGG,5
6103,-,GGA,1
6104,-,AGG,1214
6137,-,GGG,80
6138,-,CGG,6
6190,+,AGG,4
6215,-,AGG,0
6257,-,GGT,1
6258,-,GGG,0
6259,-,GGG,0
6260,-,AGG,6
6265,-,AGG,4
6272,+,AGG,93
6273,+,GGT,2
6291,+,CGG,1
6310,+,CGG,6
6333,-,CGG,13
6347,-,CGG,27
6358,+,TGG,83
6359,+,GGG,68
6369,-,CGG,6
6384,+,CGG,19
6388,+,AGG,22
6436,+,TGG,10
6437,+,GGG,6
6438,+,GGG,24
6470,+,TGG,7
6473,+,TGG,2
6474,+,GGG,7
6498,-,TGG,51
6499,-,ATG,1
6577,+,AGG,23
6581,-,AGG,17
6598,+,TGG,0
6619,+,AGG,33
6620,+,GGT,2
6695,-,GGA,1
6696,-,TGG,3
6704,+,AGG,41
6705,+,GGT,1
6707,+,TGG,0
6715,-,GGG,1
6716,-,TGG,0
6729,-,GGG,2
6730,-,TGG,6
6754,+,AGG,23
6757,-,GGG,0
6758,-,AGG,0
6770,-,AGG,0
6791,-,AGG,0
6797,-,AGG,4
6805,+,AGG,16
6809,-,GGA,1
6810,-,TGG,1
6823,-,GGG,3
6824,-,GGG,0
6825,-,GGG,33
6826,-,TGG,1
6858,-,GGT,1
6859,-,TGG,892
6861,-,TCT,1
6865,+,AGG,8
6879,+,TGG,15
6907,+,TGG,0
6970,+,AGG,13
6971,+,GGG,60
6987,-,GGA,1
6988,-,AGG,8
6998,-,AGG,7
7007,+,TGG,8
7048,+,TGG,10
7069,+,TGG,126
7070,+,GGC,1
7086,+,TGG,47
7129,+,CGG,9
7141,+,AGG,7
7169,-,TGG,1
7173,-,CGG,13
7181,-,TGG,0
7188,+,CGG,17
7195,+,CGG,0
7203,+,CGG,0
7210,+,CGG,0
7211,+,GGG,2
7218,+,CGG,0
7225,+,CGG,0
7233,+,CGG,0
7240,-,CGG,10
7246,+,AGG,1
7247,+,GGG,15
7312,+,TGG,24
7326,+,CGG,0
7327,+,GGG,14
7333,-,GGG,3
7334,-,CGG,5
7347,-,TGG,1
7352,-,GGG,5303
7353,-,AGG,6
7354,-,TAG,1
7385,+,AAA,1
7390,+,AGG,0
7445,+,TGG,18
7460,+,AGG,15
7464,+,TGG,16
7467,+,AGG,0
7479,+,AGG,0
7505,+,TGG,3
7515,+,CGG,41
7531,-,AGG,1
7538,-,TGG,0
7552,+,TGG,90
7566,+,AGG,2
7567,+,GGG,3
7568,+,GGG,1
7573,-,AGG,0
7592,-,TGG,99
7597,+,TGG,10
7602,+,CGG,29
7611,+,TGG,169
7612,+,GGA,1
7640,+,TGG,13
7641,+,GGG,16
7647,+,AGG,5
7648,+,GGG,3
7649,+,GGG,1
7650,+,GGG,2
7664,-,TGG,21
7708,-,GGT,1
7709,-,AGG,38
7726,+,AGG,10
7747,+,TGG,11
7778,-,AGG,26
7791,-,GGT,1
7792,-,GGG,58
7793,-,CGG,9751
7794,-,TCG,1
7796,-,ATT,1
7798,+,TGG,3
7811,+,AAA,1
7816,+,CGG,2
7826,+,TGT,1
7839,+,AGG,15
7840,+,GGA,1
7862,+,CGG,2
7901,-,CGG,1
7937,-,TGG,158
7990,+,AGG,2
8009,-,TGG,0
8029,+,AGG,17
8038,+,CGG,95
8039,+,GGA,2
8044,+,TGG,0
8053,-,TGG,7
8056,-,AGG,8
8092,+,AGG,1
8093,+,GGG,61
8100,+,CGG,9
8120,-,TGG,92
8130,+,TGG,17
8228,+,ATG,1
8229,+,TGG,38
8230,+,GGG,4
8246,+,GAG,1
8289,+,TAG,1
8290,+,AGG,28
8318,-,AAA,1
8351,+,TGG,19
8404,+,CGG,16
8417,+,AGG,2
8418,+,GGG,5
8432,+,TGG,3
8438,-,TGG,31
8501,+,AGG,2
8507,+,AGG,0
8508,+,GGG,2
8521,+,AGG,2
8532,-,AGG,0
8541,-,TGG,0
8568,-,GGG,24
8569,-,GGG,23
8570,-,CGG,0
8589,+,AGG,0
8605,-,CGG,20
8628,-,CGG,94
8629,-,TCG,1
8637,+,TGG,11
8642,+,CGG,0
8654,+,AGG,1
8700,+,AGG,68
8705,-,GGG,0
8706,-,TGG,0
8732,+,TGG,1
8745,-,AGG,19
8760,+,AGG,0
8769,+,CGG,0
8770,+,GGG,7
8793,+,AGG,512
8794,+,GGG,11
8801,+,AAG,1
8824,+,AGG,991
8826,+,GTG,1
8827,+,TGG,3
8834,+,TGG,4
8867,+,AGG,15
8872,-,AGG,6
8876,+,TGG,4
8877,+,GGG,20
8883,-,GGC,1
8884,-,AGG,4
8885,-,GAG,1
8890,-,TGG,1
8907,+,AGG,6
8932,-,TGG,3
8967,+,AGG,1
8968,+,GGG,5
8977,-,AGG,2
9028,-,TGG,12
9043,+,TGG,220
9044,+,GGT,2
9068,+,TGG,4
9072,+,TGG,64
9094,-,CGG,1
9095,+,CGG,1
9138,+,TGG,6
9148,+,TGG,2
9162,-,TGG,20
9195,+,TGG,9
9205,-,TGG,3
9227,+,AGG,34
9279,+,AGG,0
9285,-,AGG,118
9319,+,TGG,0
9340,+,TGG,73
9362,-,GGA,1
9363,-,TGG,16
9364,-,CTG,1
9415,+,AGG,810
9418,+,TGG,12
9446,+,CGG,5
9453,-,TGG,12
9466,-,CGG,5
9497,+,CGG,0
9498,+,GGG,7
9507,-,AGG,18
9509,+,TGG,3
9514,+,TGG,0
9515,+,GGT,1
9533,+,TGG,0
9536,+,TGG,1
9540,+,TGG,7
9541,+,GGG,2
9556,-,AGG,1
9567,-,AGG,26
9572,+,TGG,4
9573,+,GGC,1
9610,-,TGG,2
9651,+,AGG,30
9652,+,GGC,1
9667,+,AGG,9
9684,+,AGG,8
9690,-,TGG,8
9707,-,GGT,1
9708,-,TGG,9
9729,-,CGG,5
9735,+,TGG,27
9755,-,TGG,12
9771,+,TGG,4
9845,-,TGG,14
9862,+,CGG,1283
9900,+,CGG,36
9911,-,TGG,6
9914,-,TGG,28
9915,-,GTG,1
9934,+,AGG,48
9965,-,CGG,45
9976,+,TGG,13
9984,+,AGG,0
9990,+,TGG,1
10031,+,TGG,4
10032,+,GGG,13
10043,-,TGG,26
10077,-,TGG,11
10078,-,TTG,1
10086,+,CGG,6
10109,+,AGG,4
10124,+,TGG,2
10125,+,GGC,1
10134,-,TGG,34
10146,+,TGG,4
10164,+,CGG,0
10165,+,GGG,4
10177,-,TGG,21
10183,+,TGG,2
10188,+,AGG,47
10214,+,CGG,0
10224,+,CGG,4
10245,+,TGG,6
10248,+,TTT,1
10250,+,TGG,8528
10259,+,AGG,2
10288,+,AGG,2
10294,+,TGG,3
10350,+,TGG,2
10351,+,GGG,90
10365,-,CGG,10
10366,+,CGG,0
10379,+,AGG,1
10380,+,GGG,13
10400,+,AGG,1
10412,+,TGG,2
10431,-,TGG,268
10466,-,GGA,1
10467,-,TGG,144
10478,-,GGG,1
10479,-,GGG,0
10480,-,AGG,1
10509,-,GGT,2
10510,-,TGG,12
10519,+,CGG,12
10552,+,TGG,2
10556,+,AGG,4
10559,+,AGG,0
10573,-,CGG,2
10613,+,TGG,35
10626,-,AGG,26
10629,-,GGT,1
10630,-,TGG,97
10631,-,TTG,1
10677,+,TGG,28
10685,+,TGG,0
10686,+,GGG,4
10687,+,GGG,15
10688,+,GGA,1
10693,+,TGG,0
10710,-,AGG,32
10797,+,AGG,1
10806,-,TGG,15
10815,+,CGG,6
10816,+,GGT,1
10843,-,GGG,11
10844,-,CGG,1
10849,-,TGG,6
10866,+,AGG,27
10878,+,TGG,0
10881,+,AGG,11
10897,-,CGG,4
10912,+,TGG,6
10913,+,GGG,0
10926,+,AGG,8
10927,+,GGA,1
10947,+,AGG,113
10991,+,CGG,19
11052,+,AGG,1
11087,+,CGG,7
11088,+,GGG,25
11127,-,GGC,10
11128,-,TGG,97851
11130,-,TCT,24
11131,-,GTC,1
11132,-,CGT,1
11148,+,AGG,6
11190,+,TGG,56
11219,+,AGG,2
11220,+,GGG,7
11231,-,CGG,1
11267,-,AGG,0
11271,-,AGG,6
11288,+,AGG,2
11294,+,AAG,1
11295,+,AGG,2
11324,+,TGG,29
11327,+,AGG,1
11351,+,AGG,14
11352,+,GGG,2
11353,+,GGG,16
11357,-,TGG,14
11363,+,AGG,0
11371,+,TGG,0
11379,+,AGG,2
11438,+,TGG,7
11439,+,GGG,2
11440,+,GGG,9
11441,+,GGA,1
11447,+,AGG,2
11476,+,TGG,33
11496,+,TGG,2
11497,+,GGG,7
11502,+,AGG,1
11543,+,TGG,0
11552,+,TGG,4
11570,+,TGG,15
11575,+,TGG,2
11599,+,TGG,24
11602,+,AGG,27
11622,-,CGG,15
11642,-,CGG,2
11667,+,CGG,1
11681,+,AGG,25
11682,+,GGG,7
11702,+,AGG,0
11744,+,AGG,13
11745,+,GGG,40
11781,+,AGG,33
11805,+,AGG,0
11806,+,GGG,2
11816,+,CGG,160
11817,+,GGG,0
11840,+,AGG,2
11843,+,AGG,6
11849,+,AGG,1
11907,+,AGG,1
11925,-,GTA,1
11927,-,TGG,29
11981,+,TGG,3753
11994,+,TGG,42
12009,+,ACT,1
12011,+,TGG,128
12023,-,TGG,5
12025,+,AGG,1
12032,-,CGG,9
12069,+,TGG,21
12076,+,TGG,0
12100,+,AGG,28
12218,-,TGG,7
12245,-,GGG,3
12246,-,CGG,0
12250,-,TGG,103
12303,-,GGT,1
12304,-,TGG,4438
12305,-,TTG,4
12306,-,GTT,2
12337,+,AAG,1
12338,+,AGG,1
12358,+,TGG,25
12373,+,AGG,9
12379,+,AGG,2
12404,+,TCG,1
12412,+,AGG,2
12414,+,GAG,2
12415,+,AGG,157256
12417,+,GTT,32
12421,+,TGG,1
12422,+,GGG,2
12423,+,GGG,2
12466,+,AGG,8
12509,+,AGG,0
12525,+,AGG,18
12526,+,GGC,3
12561,+,AGG,6
12594,+,TGG,2
12595,+,GGG,0
12617,+,AGG,0
12618,+,GGG,4
12625,+,TGG,1
12626,+,GGG,9
12635,+,CGG,1
12660,+,AGG,46
12663,+,TGG,1
12691,-,AGG,0
12729,+,TGG,1442
12730,+,GGT,1
12762,-,GGT,1
12763,-,TGG,11
12764,-,TTG,1
12809,+,AGG,40
12816,+,TGG,0
12817,+,GGG,1
12851,+,CGG,14
12907,+,TGG,17
12956,+,TGG,1
12957,+,GGC,3
12979,+,AAG,1
12980,+,AGG,0
12992,+,TGG,1
12993,+,GGG,4675
13006,+,AGG,76
13007,+,GGA,1
13009,+,AGG,7
13030,-,AGG,4
13044,-,GGG,18
13045,-,CGG,1
13090,-,AGG,6
13162,-,AGG,3
13169,+,TGG,34
13170,+,GGC,1
13195,+,AGG,3
13196,+,GGG,26
13216,-,AGG,5
13233,+,TGG,11
13239,+,TGG,6
13269,+,TGG,2
13274,+,TGG,3
13294,+,TGG,8
13312,+,CGG,6
13346,-,AGG,2
13359,+,TGG,1
13369,-,TGG,70
13390,+,AGG,0
13391,+,GGG,0
13526,+,AGG,2
13537,+,AGG,1
13564,+,TGG,1
13595,-,CGG,4
13617,+,AGG,19
13680,+,AGG,4
13718,+,CGG,1
13736,+,AGG,1
13741,-,CGG,41
13783,+,AGG,8
13784,+,GGG,3
13787,+,CGG,1
13790,+,AGG,0
13836,+,AGG,3
13837,+,GGC,1
13879,-,CGG,9
13880,+,CGG,2
13911,+,TGG,6
13929,-,GGC,1
13930,-,CGG,4
13935,-,GGT,1
13936,-,TGG,1
13937,-,GTG,1
13941,+,AGG,9
13942,+,GGG,2
13943,+,GGG,2
13978,+,AGG,4
13999,+,AGG,1
14006,-,GAG,1
14021,+,AGG,22
14054,+,TGG,1
14055,+,GGG,6
14056,+,GGA,1
14067,-,AAG,1
14094,+,AGG,0
14104,+,AGG,7
14105,+,GGG,3
14106,+,GGA,1
14128,-,AGG,3
14161,+,GCG,1
14166,-,CGG,77
14271,-,ATA,1
14303,+,TGG,1
14304,+,GGG,7
14305,+,GGG,14
14314,-,TGG,0
14395,-,AGG,2
14399,-,AGG,8
14405,+,TGG,0
14408,+,TGG,2
14409,+,GGG,1
14432,+,GAG,1
14448,-,AGG,3
14451,-,AGG,0
14476,-,AGG,5
14490,+,AGG,3
14491,+,GGG,23
14492,+,GGG,3
14531,+,AAG,1
14532,+,AGG,0
14571,-,CGG,6
14594,+,AGG,7
14605,+,AGG,0
14606,+,GGG,0
14615,-,TGG,55
14617,-,GTT,1
14619,+,CGG,2
14639,+,AGG,2
14640,+,GGG,1
14654,+,AGG,3
14663,+,TGG,0
14664,+,GGG,3
14665,+,GGG,1
14706,+,CGG,0
14710,+,AGG,0
14716,-,CGG,21
14717,+,CGG,48319
14721,+,AGG,0
14763,+,TGG,1
14770,-,GGC,3
14771,-,TGG,32
14776,+,AGG,1
14779,-,AGG,0
14796,+,TGG,1
14833,+,AGG,16
14834,+,GGG,4
14864,-,AGG,15
14879,+,TGG,4
14900,+,AGG,55
14901,+,GGT,1
14978,+,AGG,34
14987,+,TGG,4
15028,+,CGG,19
15029,+,GGA,1
15068,+,CGG,0
15099,-,TGC,1
15112,+,TGG,2
15132,+,CGG,5
15147,+,AGG,603
15219,+,AGG,2
15232,-,AGG,26
15249,+,TGG,187
15261,+,AGG,0
15305,+,ATG,1
15306,+,TGG,5
15351,+,TGG,144
15362,+,TGG,2
15372,+,AGG,4
15390,+,TGG,0
15396,+,AGG,1
15408,+,TGG,2
15423,+,TGG,9
15461,+,AGG,1
15492,+,TGG,0
15498,+,TGG,18
15511,+,TTG,1
15512,+,TGG,19
15521,-,TGG,6
15525,-,GGG,2
15526,-,AGG,2
15531,-,TGG,2
15535,-,GGG,17
15536,-,CGG,11
15544,+,TGG,1
15576,-,GGA,2
15577,-,AGG,4
15578,-,TAG,1
15585,+,AGG,13
15600,-,TGG,22
15656,+,AGG,3
15666,-,GGT,2
15667,-,TGG,8
15672,+,AGG,19
15699,+,CGG,2
15706,+,TGG,0
15707,+,GGG,14
15714,+,TGG,1
15720,+,CGG,2
15734,-,CGG,20
15774,-,AGT,1
15776,+,TGG,7
15787,-,AGG,2
15807,+,TGG,2
15817,+,TGG,0
15818,+,GGG,0
15819,+,GGG,1
15834,+,TGG,1
15852,+,AGG,0
15858,+,AGG,1
15867,+,TGG,6
15887,+,AGG,1
15900,-,TGG,18
15922,+,TGG,11
15923,+,GGG,3
15926,+,TGG,2
15957,+,TGG,1
15990,-,GGT,1
15991,-,AGG,32
16058,+,CGG,10
16059,+,GGG,8
16060,+,GGT,1
16067,+,AGG,1
16121,+,TGG,8
16126,+,AGG,3
16139,+,AGG,8
16155,+,TTG,5
16156,+,TGG,31
16161,-,GGG,3
16162,-,AGG,15
16170,+,CGG,3
16177,-,AGG,27
16194,+,TGA,1
16202,+,TGG,10
16219,-,GGC,1
16220,-,TGG,19
16240,-,AGG,3
16252,+,AGG,9
16255,+,AGG,4
16256,+,GGG,5
16257,+,GGG,0
16258,+,GGG,0
16301,+,AGG,0
16311,-,AGG,131
16317,-,ATG,1
16324,+,AGG,0
16363,+,TGG,6
16407,-,TGG,1210
16425,-,TGG,42
16454,+,TGG,3
16457,+,TGG,3
16467,+,AGG,3
16538,+,TGG,1
16550,+,TGG,1
16557,-,AGG,7
16618,-,TGG,28
16627,-,TGG,25
16651,+,AGG,11
16652,+,GGA,1
16664,+,AGG,0
16672,+,TGG,6
16685,+,CGG,5
16691,+,TGG,0
16698,+,AGG,3
16721,+,TGG,0
16731,+,AGG,0
16749,-,GGG,14
16750,-,AGG,15
16768,+,TTG,1
16769,+,TGG,1875
16787,-,GGT,1
16788,-,AGG,14
16832,+,TGG,18
16889,+,AGG,43
16895,+,AGG,0
16919,+,TGG,2
16950,-,TGG,2
16958,+,TGG,12
16965,-,AGG,17
16985,+,AGG,3
16999,+,AGG,0
17078,-,AGG,39
17079,-,AAG,1
17089,+,GCG,1
17090,+,CGG,3
17091,+,GGT,1
17095,+,TGG,2
17096,+,GGG,1
17135,+,TGG,6
17164,+,TGG,8
17213,-,TGG,24
17285,+,CGG,0
17294,-,GGT,1
17295,-,AGG,2
17296,-,TAG,1
17303,+,TGG,11
17323,+,TGG,464
17376,+,AGG,28
17377,+,GGT,1
17417,+,AGG,7
17418,+,GGG,2
17428,+,TGG,3
17450,-,AGG,20
17478,-,TGG,17
17516,-,AGG,23
17520,+,AAG,3
17521,+,AGG,1
17522,+,GGG,1
17544,+,AGG,15
17549,+,AGG,27
17596,+,TGG,10
17631,-,AGG,4
17632,-,CAG,1
17645,+,AGG,14
17665,-,GGG,20
17666,-,TGG,0
17675,-,TGG,2
17705,+,AGG,3
17706,+,GGG,0
17731,-,TGG,3
17827,+,TGG,10
17851,+,AGG,33
17861,+,AGG,10
17877,+,AGG,42
17902,+,AGG,78
17958,-,AGG,18
17967,-,AGG,3
17984,+,TGG,3
18015,+,TCC,1
18016,-,CGG,10
18026,+,AGG,9
18052,-,AGG,76
18054,-,ATA,1
18076,-,TGG,22
18135,+,AGG,32486
18136,+,GGT,1
18137,+,GTA,1
18147,+,TGG,1
18152,+,AGG,0
18153,+,GGG,1
18192,+,CGG,7
18203,+,AAG,1
18204,-,GCT,1
18221,+,TGG,1
18237,+,AGG,8
18258,+,TGG,2
18275,+,TGG,1
18291,+,CGG,0
18313,+,TGG,44
18313,-,CCA,1
18363,+,TGG,1
18364,+,GGG,0
18365,+,GGG,6
18374,+,TGG,0
18402,+,TGG,6
18403,+,GGG,25
18411,+,TGG,1
18412,+,GGG,7
18416,+,AGG,7
18421,-,GGG,1
18422,-,TGG,0
18435,+,TGG,4
18508,-,TGG,33
18537,+,TGG,3
18555,-,GGG,12
18556,-,TGG,9
18577,+,TGG,6
18578,+,GGG,28
18597,+,AGG,14
18600,+,TGG,2
18612,+,TGG,4
18643,+,TGG,41
18678,-,AGG,27
18759,+,TGG,8
18837,-,AGG,1
18877,+,CGG,9
18886,+,AGG,1
18887,+,GGG,3
18897,+,AGG,0
18898,+,GGG,0
18906,+,AGG,0
18990,+,AGG,0
18991,+,GGG,0
19002,+,CGG,4
19024,+,AGG,1
19045,+,AGG,0
19064,-,AGG,4550
19066,-,TCA,1
19090,+,AGG,5
19103,+,TGG,18
19122,+,AGG,3
19145,+,CGG,2
19157,-,AGG,23
19224,+,AGG,8
19258,+,AGG,10
19259,+,GGT,1
19269,+,AGG,1
19283,-,TGG,550
19290,-,AGG,10
19309,+,AGG,4
19359,-,AGG,4
19381,+,AGG,1
19408,+,TGG,30
19447,-,GGG,0
19448,-,AGG,0
19463,-,GGA,1
19464,-,TGG,16
19476,+,TGG,1
19509,+,AGG,0
19522,+,TGG,1
19530,-,TGG,2
19542,-,TGG,268
19544,+,AGG,75
19561,+,CGG,1
19574,+,CGG,0
19584,-,TGG,22
19595,+,AGG,132
19621,+,TGG,2
19659,-,TGG,9
19700,+,AGG,0
19706,+,AGG,2
19711,-,AGG,0
19716,+,TGG,2
19717,+,GGG,4
19726,+,CGG,0
19749,-,AGG,21
19771,+,TGG,6
19787,+,TGG,0
19800,-,CGG,0
19824,+,TGG,0
19849,+,AGG,1
19857,-,AGG,3
19870,+,AGG,0
19871,+,GGC,1
19892,-,TGG,6
19907,+,TGG,23
19920,-,AGG,0
19940,+,TGG,2
19947,-,CGG,3
19958,+,AGG,3
19973,+,AGG,0
20012,-,AGG,2
20017,+,CGG,10
20026,+,TGG,11
20054,-,GGA,1
20055,-,TGG,51
20060,+,CGG,0
20124,-,TGG,0
20141,+,CGG,0
20142,+,GGG,67
20155,+,TGG,0
20156,+,GGG,0
20163,-,TGG,2
20177,+,TGG,32
20182,+,CGG,1
20218,+,TGG,1
20219,+,GGG,19
20226,+,TGG,1
20227,+,GGG,0
20243,+,CGG,16
20255,+,AGG,1
20256,+,GGT,1
20263,+,AGT,1
20284,-,TGG,11
20318,+,TGG,1
20319,+,GGC,1
20321,-,TGG,18
20325,-,TGG,0
20397,-,TGG,0
20421,-,TGG,45
20431,+,AGG,6
20434,+,AGG,0
20445,+,TGG,3
20453,-,AGG,5
20469,+,AGG,0
20508,+,AGG,0
20536,+,CGG,16
20547,+,AGG,2
20560,-,CGG,13
20623,-,GAG,1
20634,+,TGG,0
20639,+,TGG,4
20675,+,TGG,3
20685,+,CGG,2
20704,+,AGG,4
20705,+,GGG,0
20736,+,TGG,4
20752,-,AGG,1
20784,-,AGG,29
20803,-,AGG,0
20837,+,TGG,3
20838,+,GGG,2912
20839,+,GGG,28
20855,-,AAG,1
20865,+,TGG,0
20871,-,GGG,2
20872,-,AGG,16
20886,+,TGG,0
20899,+,AGG,6
20923,-,CGG,0
20938,+,AGG,14
20944,+,AGG,6
20963,-,GGG,3
20964,-,TGG,1
20978,-,GGG,0
20979,-,AGG,0
20996,+,TGG,16
21014,+,AGG,0
21015,+,GGA,1
21024,-,TGG,0
21049,-,CGC,1
21065,+,AGG,0
21073,+,TGG,4
21081,-,AGG,32
21082,-,TAG,1
21137,-,AGG,16
21147,-,AGG,1
21158,-,GGT,1
21159,-,TGG,558
21161,-,ATT,1
21190,+,AGG,2
21191,+,GGG,2
21212,+,AGG,4
21229,+,AGG,4
21230,+,GGG,0
21233,+,CGG,0
21268,+,AGG,4
21273,-,TGG,10
21278,+,TGG,38
21294,+,CGG,0
21306,+,CAT,1
21307,+,ATG,1
21308,+,TGG,2
21320,+,TGG,0
21349,+,TGG,0
21350,+,GGG,1737
21360,+,AGG,0
21412,-,AGG,53
21423,+,AGG,4
21462,+,TGG,0
21465,+,TGG,3
21466,+,GGG,5
21473,-,TGG,0
21489,+,CGG,2
21519,+,CGG,2
21525,+,TGG,2
21526,+,GGT,1
21540,+,TGG,2
21544,-,AGG,11
21546,+,TGG,134
21549,+,TGG,0
21571,-,CGG,7
21574,+,TGG,1
21585,+,AGG,0
21594,+,CGG,1
21601,+,TGG,0
21615,+,TGG,15
21616,+,GGT,1
21625,-,TGG,1
21631,-,TGG,0
21637,+,TGG,5
21642,-,GGG,16
21643,-,AGG,4
21657,+,AGG,0
21691,+,AGG,0
21694,+,TGG,7
21695,+,GGT,1
21706,+,TGG,0
21707,+,GGG,14
21721,-,AGG,2015
21723,-,TCA,1
21762,-,GGG,0
21763,-,AGG,0
21790,+,AGG,0
21791,+,GGG,0
21824,-,GGT,1
21825,-,GGG,857
21826,-,TGG,1
21839,+,TGG,0
21840,+,GGG,26
21894,+,CGG,2
21938,+,AGG,3
21963,+,AGG,1
21982,-,AGG,7
22017,-,CGG,1
22041,-,GGG,0
22042,-,AGG,2
22054,+,AGG,1
22068,+,TGG,9
22078,+,CGG,1
22116,+,AGG,0
22130,+,TGG,0
22162,-,TGG,3159
22164,-,GCT,1
22183,-,TGG,0
22218,+,AGG,6
22221,+,TGG,0
22260,+,AGG,8
22262,+,GCG,1
22263,+,CGG,0
22271,+,CGG,0
22282,-,GGG,19
22283,-,TGG,1
22317,+,TGG,5
22327,-,AGG,1
22329,+,TGG,1
22338,+,AGG,0
22371,+,AGG,24
22374,+,TGG,0
22375,+,GGA,1
22390,+,TGG,0
22419,+,CGG,6
22431,+,CGG,0
22440,+,TGG,38
22453,-,TGG,8
22519,+,TGG,9
22533,+,AGG,10
22552,-,CGG,5
22561,+,TGG,0
22575,+,AGG,3
22582,-,AGG,15
22605,+,CGG,0
22617,+,CGG,0
22667,+,CGG,56
22674,-,TGG,1
22699,+,AGG,0
22700,+,GGG,0
22701,+,GGG,0
22702,+,GGG,0
22713,-,GGG,0
22714,-,AGG,0
22742,+,AGG,0
22768,-,TGG,1
22794,+,CGG,2
22842,-,CGG,9
22846,-,TTT,1
22878,+,TGG,0
22879,+,GGG,2
22887,+,AGG,1
22896,-,GGC,1
22897,-,TGG,45
22898,-,CTG,1
22899,+,AGG,2
22920,+,CGG,0
22960,+,TGG,0
22961,+,GGG,1
22989,-,GGG,6
22990,-,TGG,1
22993,-,TGG,24
23045,+,AGG,0
23056,-,CGG,1
23067,+,AGG,3
23068,+,GGG,0
23069,+,GGG,0
23075,+,TGG,6
23076,+,GGA,3
23094,+,TGG,1
23107,+,AGG,1
23108,+,GGG,1
23125,+,TGG,1
23146,-,CGG,1
23153,+,TGG,3
23156,-,TGG,0
23165,+,AGG,1
23187,+,AGG,6
23216,+,AGG,1
23225,+,TGG,0
23226,+,GGG,7
23236,-,AGG,1
23259,+,AGG,1
23282,+,AGG,2
23291,-,GGG,1
23292,-,AGG,1
23319,-,AGG,6
23324,+,TGA,1
23328,+,TGG,1
23337,+,TGG,0
23345,+,TGG,1
23348,+,TGG,0
23353,+,AGG,1
23358,+,AGG,2
23360,+,GTA,1
23363,-,AGG,5
23365,-,CTA,1
23405,+,CGG,4
23427,+,AGG,0
23481,-,AGG,288
23482,-,CAG,1
23483,+,TGG,2
23552,+,AGG,4
23567,-,AGG,0
23579,+,AGG,0
23582,+,AGG,0
23589,-,AGG,4
23593,+,TGG,2
23608,+,TGG,2
23620,+,TGG,1
23623,-,TGG,2
23639,-,TGG,2
23652,+,AGG,9
23685,-,TGG,11
23729,-,TGG,3
23758,+,TGG,6
23769,+,TGG,10
23899,+,TGG,13
23902,-,TGG,5
23937,+,TGG,4
23938,+,GGA,1
23959,+,TGG,1
23975,-,GGG,2
23976,-,GGG,2
23977,-,CGG,0
23986,+,TGG,0
23989,+,CGG,1
23996,+,AGG,0
23997,+,GGG,0
24020,+,TCT,1
24026,+,CAG,4
24027,+,AGG,10797
24049,-,TGG,42
24056,+,ATG,1
24057,+,TGG,0
24065,+,AGG,0
24101,+,AGG,0
24122,+,CGG,2
24131,+,TGG,1
24158,+,TGG,0
24174,+,TGG,5
24175,+,GGG,0
24176,+,GGG,1
24206,+,CGG,5
24217,+,TGG,0
24223,-,AGG,2
24239,-,CGG,0
24248,+,CGG,2
24268,+,AGG,6
24275,+,AGG,2
24308,-,GGT,1
24309,-,TGG,1
24319,-,CGG,1
24320,+,CGG,6
24330,-,AGG,4
24340,+,TGG,0
24341,+,GGC,1
24355,+,CGG,0
24359,+,TGG,0
24368,+,AGG,0
24371,+,TGG,0
24374,+,TGG,0
24383,+,AGG,0
24392,+,TGG,0
24393,+,GGC,2
24410,+,AGG,1
24416,+,TGG,7
24425,+,TGG,0
24431,+,TGG,0
24439,+,TGG,1
24460,+,TGG,0
24470,+,TGG,0
24478,+,TGG,1
24537,+,TGG,8
24585,-,TGA,1
24590,+,AGG,26
24599,+,AGG,1
24630,-,TGG,1
24655,+,TGG,5
24682,+,AGG,4
24687,+,TGG,1
24688,+,GGG,6
24740,+,AGG,1
24743,+,TGG,2
24745,+,GCG,1
24755,+,CGG,1
24776,+,AGG,0
24785,+,TGG,3
24786,+,GGC,5
24791,+,CGG,0
24822,-,CGG,0
24845,+,AGG,3
24862,-,TGG,0
24872,-,TGG,1
24879,+,TGG,0
24880,+,GGG,0
24892,+,TGG,1
24896,+,TGG,0
24934,-,TGG,2
24944,-,GGT,2
24945,-,AGG,8
24953,+,TGG,7
24953,-,CCA,1
24965,+,TGG,1
24980,+,TGG,8
24986,+,TGG,286
24987,+,GGT,1
25035,+,TGG,20
25036,+,GGT,1
25068,+,TGG,0
25082,+,AGG,3
25094,+,AGG,0
25130,+,TGG,0
25134,-,AGG,25
25154,+,CGG,2
25177,+,TGG,3
25184,+,TGG,86
25195,+,TGG,1
25199,-,GGA,1
25200,-,AGG,1
25241,+,TGG,0
25252,-,TGG,0
25270,-,GGT,1
25271,-,GGG,0
25272,-,TGG,15
25292,+,CGG,0
25301,+,CGG,0
25310,+,AGG,1
25313,+,TGG,0
25323,+,TGG,1
25324,+,GGG,2
25333,+,TGG,3
25338,-,CGG,13
25411,+,TGG,1
25412,+,GGA,1
25430,+,TGG,0
25431,+,GGG,6
25432,+,GGG,1
25433,+,GGT,2
25435,+,TGG,0
25451,+,CGG,0
25463,+,TGG,0
25485,+,TGG,10
25488,-,TGG,10
25514,+,TGG,1
25526,+,TGG,2
25545,+,TGG,0
25587,+,TGG,22
25592,+,CGG,2
25612,-,CGG,0
25613,+,CGG,0
25625,+,AGG,0
25638,+,TGG,1
25653,+,TGG,4
25654,+,GGG,1
25655,+,GGG,3
25689,-,AGG,5
25706,+,AGG,0
25730,+,AGG,0
25738,+,TGG,0
25745,+,AGG,1
25778,+,AGG,0
25785,+,TGG,3
25808,-,TGG,3
25812,-,GGC,1
25813,-,TGG,3
25817,+,AGG,1
25831,-,CGG,0
25841,-,TGG,1
25853,+,AGG,2
25886,+,TGG,18
25898,+,AGG,0
25905,+,TGG,0
25906,+,GGG,1
25924,+,CGG,0
25930,-,TGG,22
25950,+,TGG,4
25971,+,TGG,5
25972,+,GGG,563
25985,+,CGG,2
25997,+,TGG,1
26027,+,TGG,1
26028,+,GGT,1
26037,+,TGG,1
26049,+,TGG,1
26082,+,TGG,1
26100,+,TGG,9
26118,+,TGG,3
26125,+,TGG,1
26137,+,TGG,0
26138,+,GGG,0
26168,+,AGG,0
26178,+,TGG,0
26179,+,GGG,0
26193,+,TGG,12
26231,+,TGG,3
26232,+,GGG,3
26258,+,AGG,2
26264,+,CGG,1
26282,+,TGG,10
26320,-,CGG,1
26321,+,CGG,8
26326,+,CGG,1
26336,+,CGG,1
26350,+,AGG,0
26351,+,GGG,1
26359,-,TGG,0
26386,+,CGG,1
26390,+,AGG,3
26412,+,TGG,0
26413,+,GGG,0
26438,+,TGG,0
26444,+,CGG,1
26447,+,TGG,0
26450,+,AGG,0
26462,+,AGG,1
26468,+,AGG,0
26476,+,CGG,1
26510,+,TGG,1
26518,-,AGG,2
26536,-,AGG,1
26565,-,AGG,13
26634,-,AGG,13
26662,+,AGG,1
26663,+,GGG,0
26664,+,GGC,1
26669,-,AGG,0
26714,+,CGG,0
26735,+,AGG,0
26736,+,GGG,0
26739,+,AGG,0
26777,+,AGG,4
26782,+,TGG,0
26810,-,AGG,2
26829,+,TGG,20
26830,+,GGA,1
26854,+,AGG,10
26860,+,AGG,1
26889,+,AGG,0
26890,+,GGG,2
26899,+,TGG,1
26954,+,AGG,3
26966,-,AGG,4
27004,-,TGG,3
27019,+,TGG,2
27035,+,AGG,0
27036,+,GGG,0
27050,-,TGG,0
27089,-,TGG,4
27127,+,TGG,0
27145,+,AGG,31
27187,+,AGG,1
27188,+,GGG,11
27189,+,GGG,1
27216,-,CGG,267
27224,-,TGG,0
27241,+,CGG,4
27274,-,GGG,5
27275,-,AGG,0
27284,+,TGG,0
27288,+,CGG,2
27293,-,AGG,0
27305,-,AGG,2
27316,+,AGG,0
27317,+,GGT,1
27326,+,AGG,1
27358,+,AGG,14
27376,+,CGG,0
27386,-,AGG,1
27456,+,AGG,172
27460,+,TGG,0
27484,+,AGG,0
27504,+,AGG,6
27522,-,CGG,8
27523,+,CGG,2
27544,+,CGG,0
27555,-,AGG,9
27562,+,AGG,4
27605,-,CGG,0
27606,+,CGG,2
27617,-,TGG,2
27619,+,AGG,0
27623,+,TGG,1
27691,+,AGG,0
27699,-,AGG,0
27705,-,TGG,0
27727,+,AGG,0
27728,+,GGG,2
27734,+,AGG,0
27735,+,GGG,0
27760,+,AGG,564
27761,+,GGT,1
27793,+,TGG,8
27794,+,GGA,1
27836,+,AGG,1
27855,+,TGG,0
27875,+,AGG,0
27929,+,TGG,9
27942,+,AGG,0
27960,+,AGG,3
27979,-,GGT,1
27980,-,AGG,2
27993,+,AGG,0
28001,-,TGG,52
28025,+,AGG,4
28051,+,TTA,1
28055,+,AGG,4
28056,+,GGA,1
28060,+,CGG,0
28061,+,GGG,1
28083,-,TGG,4
28108,+,AGG,0
28109,+,GGG,0
28115,+,AGG,0
28121,+,AGG,0
28151,+,AGG,1
28234,-,TGG,1
28253,+,TGG,0
28306,-,AGG,0
28316,+,AGG,0
28322,+,TGG,0
28334,+,TGG,0
28357,+,CGG,0
28358,+,GGG,3
28383,-,TGG,0
28400,+,AGG,14
28416,-,TGG,5
28419,-,CGG,17
28430,+,TGG,2
28468,+,TGG,1
28507,-,AGG,5
28538,-,GGG,0
28539,-,TGG,0
28550,-,GGG,1
28551,-,AGG,5
28559,+,AGG,0
28576,+,TGG,1
28579,+,TGG,0
28588,-,TGG,2
28592,+,AGG,0
28676,+,AGG,12
28689,+,AGG,6
28690,+,GGC,1
28759,-,CGG,0
28763,-,GGG,1
28764,-,TGG,0
28765,-,ATG,1
28828,+,TGG,0
28898,+,TGG,3
28955,+,TGG,5
28964,+,TGG,3
28982,+,AGG,0
28983,+,GGG,0
29018,+,AGG,2
29057,+,AGG,1
29060,+,TGG,1
29071,+,TGG,2
29072,+,GGC,1
29082,-,TGG,1
29087,+,AGG,0
29098,+,CGG,0
29138,+,AGG,0
29144,-,AGG,1
29159,+,AGG,0
29175,+,TGG,3
29183,+,CGG,0
29190,+,TGG,0
29191,+,GGG,3
29192,+,GGC,1
29195,+,AGG,2
29202,-,CGG,13
29207,+,AGG,3
29221,+,CGG,1
29240,+,CGG,2
29245,-,AGG,12
29283,-,TGG,0
29323,-,GGC,5
29324,-,GGG,5
29325,-,AGG,0
29333,+,TGG,1
29348,-,CGG,3
29352,-,TTT,1
29359,+,CGG,6
29375,+,AGG,0
29376,+,GGG,0
29389,+,AGG,0
29390,+,GGA,1
29435,-,GGT,2
29436,-,TGG,1
29472,-,TGG,4
29473,-,ATG,1
29481,-,TGG,0
29490,+,AGG,1
29503,+,TGG,1
29504,+,GGA,1
29506,+,AGG,0
29510,+,CGG,1
29519,-,GGG,0
29520,-,AGG,4
29531,+,AGG,2
29539,+,AGG,0
29563,+,AGG,1
29589,+,AGG,0
29592,+,AGG,0
29598,-,TGG,10
29602,+,TGG,1
29609,+,CGG,10
29639,+,AGG,5
29640,+,GGT,1
29643,+,CGG,0
29690,+,AGG,2
29723,-,TGG,4
29810,+,TGG,2
29813,-,CGG,0
29834,+,AGG,5
29837,-,TGG,2
29843,+,CGG,7
29849,+,CGG,1
29888,+,AGG,2
29894,+,TGG,2
29959,+,AGG,1
30011,-,CGG,1
30021,-,TGG,1
30036,-,CGG,0
30037,+,CGG,0
30059,-,GGC,2
30060,-,TGG,1
30090,+,TGG,0
30091,+,GGG,8
30098,-,GGG,50
30099,-,AGG,0
30134,-,GGA,1
30135,-,TGG,6
30137,+,AGG,56
30138,+,GGT,1
30168,-,GGG,2
30169,-,TGG,2
30173,+,CGG,2
30206,+,CGG,0
30209,+,CGG,0
30215,+,CGG,8
30245,+,TGG,0
30255,+,TGG,0
30274,+,TGG,3
30275,+,GGA,2
30308,-,TGG,10
30320,+,TGG,0
30335,+,TGG,2
30360,-,CGG,9
30402,-,CGG,1
30403,+,CGG,2
30441,-,GGG,15
30442,-,TGG,0
30443,-,GTG,1
30481,+,AGG,1
30482,+,GGT,1
30509,+,AGG,0
30535,+,TGG,0
30543,-,AGG,2
30547,+,TGG,3
30569,-,GGT,1
30570,-,AGG,2
30578,+,AGG,4
30596,+,AGG,1
30609,+,TGG,5
30617,+,AGG,0
30634,-,TGG,5
30637,-,GGT,1
30638,-,GGG,0
30639,-,AGG,1
30653,+,AGG,3
30704,+,TGG,258
30707,+,CGG,2
30728,+,AGG,0
30737,-,TGG,3
30748,+,AGG,1
30749,+,GGG,0
30779,+,AGG,0
30800,+,AGG,1
30801,+,GGG,4
30802,+,GGG,0
30812,+,TGG,1
30816,-,AGG,11
30818,+,TGG,2
30819,+,GGT,1
30847,-,TGG,0
30851,+,CGG,2
30854,-,TGG,5
30860,+,AGG,0
30869,-,TGG,0
30891,-,AGG,0
30914,+,AGG,5
30915,+,GGC,1
30917,+,CGG,1
30930,-,CGG,0
30936,-,TGG,3
30947,-,GGG,32
30948,-,TGG,1
30970,+,CGG,0
30977,+,TGG,1
31025,-,GGG,1
31026,-,CGG,0
31032,-,CGG,2
31052,+,AGG,11
31056,+,TGG,0
31074,-,AGG,1
31075,+,CTG,2
31076,+,TGG,5
31088,+,TGG,2
31111,-,TGG,3
31124,+,AGG,1
31181,+,CGG,0
31188,+,TGG,0
31200,-,CGG,2
31210,-,CGG,1
31211,+,CGG,0
31218,+,TGG,2
31219,+,GGG,1
31220,+,GGA,1
31229,-,GGG,2
31230,-,AGG,0
31231,-,TAG,1
31233,+,AAG,1
31268,+,TGG,4
31319,-,GGA,1
31320,-,AGG,1
31334,+,AGG,5
31343,+,AGG,6
31347,+,TGG,1
31374,-,CGG,5
31375,+,CGG,0
31376,+,GGG,18
31412,-,GGG,6
31413,-,CGG,2
31445,+,TGG,0
31446,+,GGT,1
31451,+,TGG,0
31454,+,TGG,2
31460,+,TGG,2
31467,+,TGG,0
31480,+,AGG,0
31481,+,GGG,0
31486,+,AGG,0
31489,+,TGG,85
31565,-,TGG,3
31606,+,AGG,2
31612,+,TGG,0
31649,-,CGG,3
31698,-,CGG,1
31720,+,AGG,5
31765,+,TGG,0
31766,+,GGG,13
31787,-,CGG,10
31810,+,AGG,0
31815,+,AGG,9
31827,+,AGG,4
31828,+,GGC,4
31846,+,CGG,0
31847,+,GGG,1
31909,+,TGG,2
31910,+,GGG,3
31918,+,TGG,3
31972,+,CGG,2
31986,-,GGT,1
31987,-,TGG,10
32004,+,TGG,0
32052,+,AAG,1
32053,+,AGG,2
32054,+,GGC,1
32212,+,TGG,4
32216,-,AGC,1
32221,-,AGG,7
32230,+,AGG,0
32249,+,TGG,2
32278,+,CGG,274
32279,+,GGT,1
32307,-,TGG,1
32342,+,AGG,3
32375,-,TGG,0
32385,+,CGG,0
32392,+,AGG,0
32408,-,AGG,10
32410,+,TGG,1
32419,+,TGG,1
32431,+,CGG,0
32473,+,TGG,5
32522,+,TGG,21
32526,-,GGT,2
32527,-,GGG,44
32528,-,TGG,5
32569,+,CGG,12
32576,+,TGG,30
32579,-,GTA,1
32581,-,GGG,3
32582,-,CGG,0
32602,+,TGG,0
32683,+,CGG,0
32696,+,TGG,26
32718,+,AGG,1
32725,+,TGG,0
32761,+,AGG,0
32769,+,TGG,0
32770,+,GGG,3
32785,+,TGG,2
32810,-,CGG,0
32811,+,CGG,1
32818,-,GGT,1
32819,-,TGG,10
32821,+,AGG,9
32822,+,GGT,3
32841,+,AGG,0
32842,+,GGG,1
32853,+,CGG,5
32897,-,AGG,1
32938,+,CGG,36
32957,+,TGG,0
32966,-,AGG,3
32985,+,CGG,0
32998,+,CGG,2
33001,+,TGG,0
33010,+,TGG,0
33016,+,AGG,3
33041,-,CGG,1
33065,+,TTG,1
33066,+,TGG,5
33073,+,TGG,0
33083,-,TGG,3
33085,+,AGG,6
33086,+,GGT,1
33088,+,TGG,0
33099,+,AGG,0
33100,+,GGG,1
33106,+,CGG,0
33114,-,CGG,0
33122,-,AGG,7
33166,+,CGG,4
33172,+,CGG,2
33175,+,TGG,3
33176,+,GGC,4
33178,+,CGG,0
33201,-,TGG,2
33253,+,AGG,115
33265,+,AGG,0
33271,+,TGG,2
33272,+,GGA,2
33278,-,ATT,1
33282,-,TGG,9
33309,+,TGG,0
33310,+,GGG,1
33311,+,GGG,10
33314,+,TGG,0
33357,+,CGG,1
33372,+,TGG,1
33375,+,CGG,3
33415,-,AGG,7
33442,-,AGG,3
33465,+,CGG,1
33508,-,CGG,10
33522,-,TGG,4
33546,+,TGA,1
33551,+,AGG,0
33561,+,CGG,0
33566,+,TGG,1
33656,-,CGG,2
33686,+,AGG,3
33687,+,GGG,6
33688,+,GGG,9
33689,+,GGG,0
33718,-,TGG,4
33751,+,TGG,0
33752,+,GGG,3
33753,+,GGG,2
33781,+,TGG,0
33794,+,TGG,1
33795,+,GGG,9
33831,+,TGG,1
33844,-,TGG,0
33848,+,AGG,0
33869,+,AGG,11
33883,+,AGG,2
33907,+,AGG,2
33908,+,GGT,1
33910,+,TGG,0
33922,+,TGG,0
33930,-,TGG,16
33935,+,CGG,2
33950,+,TGG,0
34015,+,AGG,2
34071,-,GGA,1
34072,-,TGG,52
34076,+,AGG,2
34077,+,GGG,6
34142,+,TGG,0
34150,+,CGG,4
34159,+,AGG,0
34160,+,GGG,2
34207,+,TGG,1
34217,+,AGG,0
34220,+,AGG,0
34229,-,TGG,17
34239,+,AGG,0
34240,+,GGG,0
34248,+,AGG,1
34261,+,TGG,0
34262,+,GGG,5
34273,+,TGG,0
34278,+,TGG,2
34280,-,TAC,1
34313,+,CGG,1
34319,+,TGG,1
34343,+,AGG,0
34354,+,TGG,0
34355,+,GGG,4
34362,-,AGG,1
34367,-,GGG,0
34368,-,TGG,0
34383,-,AGG,2
34399,+,TGG,0
34402,+,TGG,0
34407,+,TGG,0
34408,+,GGG,1
34424,+,TGG,3
34431,+,AGG,0
34452,+,CGG,4
34453,+,GGG,0
34454,+,GGG,17
34467,+,TGG,0
34468,+,GGG,1
34476,-,AGG,0
34500,+,TGG,0
34501,+,GGG,0
34502,+,GGG,0
34515,+,TGG,0
34516,+,GGG,0
34517,+,GGG,4
34528,+,AGG,0
34534,+,TGG,1
34550,-,GGA,1
34551,-,AGG,29
34555,+,AGG,1
34556,+,GGG,3
34562,-,CGG,8
34583,+,TGG,0
34593,-,CGG,0
34594,+,CGG,0
34599,-,AGG,50
34601,+,TGG,0
34617,+,TGG,1
34622,-,GGG,3
34623,-,AGG,3
34625,+,TGG,4
34626,+,GGC,1
34631,+,CGG,1
34632,+,GGA,1
34637,+,AGG,1
34642,+,CGG,0
34646,+,CGG,0
34654,-,CGG,4
34667,+,AGG,3
34671,-,TGG,1
34703,-,TGG,2
34710,+,TGG,3
34711,+,GGG,7
34728,+,TGG,1
34733,+,AGG,1
34740,-,CGG,4
34741,+,CGG,0
34742,+,GGG,4
34743,+,GGA,1
34760,-,GGG,6
34761,-,AGG,0
34778,+,AGG,0
34791,-,AGG,0
34794,-,TGG,1
34818,-,AGG,17
34852,-,TGG,8
34853,-,TTG,2
34871,+,TGG,7
34887,-,CGG,0
34978,+,TGG,2
34979,+,GGG,153
35003,+,AGG,10
35091,-,CGG,2
35113,+,AGG,0
35114,+,GGC,1
35121,+,TGG,0
35133,-,TGG,10
35137,-,TGG,0
35149,-,GGT,1
35150,-,GGG,0
35151,-,CGG,0
35159,-,GGG,0
35160,-,AGG,0
35166,+,TGG,5
35186,+,TGG,1
35189,+,TGG,0
35239,+,TAA,1
35244,+,CGT,1
35245,+,GTG,2
35246,+,TGG,101681
35253,+,TGG,8
35262,-,TGA,1
35264,+,AGG,0
35265,+,GGG,1
35299,+,AGG,6
35306,-,GGG,6
35307,-,AGG,18
35308,-,TAG,1
35316,+,TGG,6
35360,+,AGG,3
35367,-,CGG,9
35368,+,CGG,5
35512,-,TGG,1
35519,+,AGG,0
35522,-,GGG,0
35523,-,AGG,1
35528,-,GGA,1
35529,-,TGG,6
35544,-,TGG,122
35568,-,TGG,1
35579,-,TGG,23
35590,+,TGG,8
35607,+,AGG,3
35608,+,GGG,0
35609,+,GGG,12
35615,-,GGG,0
35616,-,CGG,0
35634,+,TGG,1
35635,+,GGG,0
35636,+,GGG,2
35640,+,TGG,0
35641,+,GGG,1
35642,+,GGC,1
35671,+,CGG,6
35694,+,TGG,0
35695,+,GGG,3
35732,+,AGG,1
35744,+,AGG,2
35780,+,AGG,1
35786,+,AGG,0
35798,+,CGG,0
35804,+,AGG,1
35805,+,GGC,1
35818,+,CGG,21
35882,+,TGG,1
35888,+,CAC,1
35906,+,TGG,0
35915,+,CGG,0
35933,+,CGG,10
35939,+,TGG,19
35957,-,GGG,17
35958,-,AGG,1
35990,+,AGG,0
35994,+,TGG,0
35995,+,GGA,1
36003,-,TGG,7
36019,+,TGG,0
36020,+,GGG,0
36023,+,CGG,4
36043,+,AGG,3
36059,+,AGG,0
36077,-,CGG,0
36087,+,TGG,4
36093,-,AGG,0
36102,-,TGG,0
36114,+,TGG,0
36119,-,TGG,10367
36121,-,GTT,5
36161,+,CGG,0
36170,+,AGG,0
36186,+,AGG,12
36187,+,GGG,2
36206,+,AGG,1
36257,+,TGG,0
36258,+,GGT,1
36269,+,AGG,4
36278,+,TGG,5
36326,+,AGG,0
36344,+,AGG,0
36368,+,TGG,4
36378,-,AGG,1
36397,+,TGG,3
36404,+,TGG,0
36426,-,GGG,3
36427,-,GGG,47
36428,-,AGG,0
36429,-,AAG,1
36452,+,AGG,2
36463,-,AGG,2
36474,-,AGG,4
36481,+,AGG,0
36497,+,TGG,3
36498,+,GGT,1
36581,+,TGG,24
36622,+,TGG,12
36746,+,AGG,3
36755,+,AGG,0
36764,+,AGG,0
36771,-,CGG,18
36772,+,CGG,0
36772,-,CCG,1
36773,+,GGG,1
36780,-,AGG,14
36782,+,TGG,6
36783,+,GGT,1
36791,+,AGG,0
36800,+,AGG,0
36809,+,AGG,0
36818,+,AGG,0
36825,-,GGG,30
36826,-,CGG,1
36827,+,CGG,7
36827,-,CCG,1
36836,+,CGG,1
36858,-,AGG,0
36873,+,TGG,1
36884,+,TGG,7
36912,-,AGG,8
36922,+,TGG,7
36950,+,AGG,0
36951,+,GGG,1
37021,+,CGG,10
37056,-,AGG,19
37136,+,TGG,3
37165,+,AGG,4
37200,-,TGG,1
37224,+,CGG,2
37264,+,CGG,10
37299,-,CGG,17
37303,+,CGG,2
37314,+,TGG,0
37319,+,AGG,0
37358,-,GGG,1
37359,-,AGG,6
37381,+,AGG,3
37382,+,GGG,1
37383,+,GGG,2
37395,+,TGG,16
37399,+,AGG,0
37435,+,AGG,1
37462,+,TGG,1
37471,-,TGG,4
37478,+,TGG,0
37487,-,AGG,0
37508,-,GGG,0
37509,-,AGG,0
37514,-,AGG,10
37529,-,CGG,13
37530,-,CCG,2
37530,+,CGG,0
37559,+,TGG,12
37570,+,TGG,2
37580,-,AGG,44
37596,+,AGG,16
37621,+,CGG,6
37631,+,AGG,0
37632,+,GGG,2
37651,+,AGG,99
37666,+,AGG,1
37675,+,AGG,5
37676,+,GGA,1
37687,+,CGG,1
37721,-,AGG,6
37726,+,AGG,0
37727,+,GGG,0
37762,+,AGG,6
37763,+,GGA,1
37769,-,CGG,14
37779,-,TGG,0
37825,+,TGG,2
37833,+,AGG,0
37846,+,TGG,18
37916,+,AGG,1
37926,-,CGG,7
37931,-,GGT,1
37932,-,TGG,7
38004,-,TGG,8
38018,+,AGG,0
38019,+,GGG,6
38025,+,TGG,0
38026,+,GGG,2
38028,+,GCG,1
38081,+,AGG,0
38091,-,AGG,0
38112,-,AGG,23
38140,+,TAG,1
38141,+,AGG,0
38142,+,GGG,11
38146,+,AGG,12
38149,+,TGG,2
38189,+,TGG,0
38206,+,AGG,7
38207,+,GGG,0
38221,-,GGG,34
38222,-,TGG,7
38227,+,TGG,0
38231,+,TGG,2
38236,+,TGG,0
38259,-,TGG,20
38284,+,AGG,1
38291,+,AGG,5
38299,+,AGG,0
38320,-,GGG,0
38321,-,CGG,3
38353,+,TGG,0
38387,-,CGG,7
38393,-,CTT,1
38397,+,TGG,2
38413,-,GGG,0
38414,-,CGG,0
38425,+,TGG,7
38426,+,GGT,1
38428,+,TGG,7
38431,+,CGG,0
38437,+,TGG,2
38488,+,TGG,142
38498,+,TGG,3
38503,+,CGG,9
38509,+,AGG,1
38513,+,TGG,1
38514,+,GGA,1
38521,+,TGG,1
38533,-,GGT,1
38534,-,AGG,4
38536,+,TGG,1
38540,+,TGG,9
38541,+,GGG,2
38542,+,GGG,1
38543,+,GGT,1
38546,-,AGG,0
38585,-,TGG,27
38600,+,AGG,4
38611,-,GGG,4
38612,-,AGG,1
38629,+,TGG,6
38644,+,AGG,0
38676,+,AGG,1
38690,-,AGG,2
38712,-,CGG,0
38713,+,CGG,6
38719,+,TGG,0
38731,-,GGA,1
38732,-,AGG,13
38734,+,TGG,5
38743,+,AGG,3
38749,+,CGG,0
38788,-,GGC,1
38789,-,AGG,6
38818,+,AGG,49
38839,+,CGG,2
38842,+,TGG,4
38884,+,CGG,12
38896,+,AGG,1
38914,+,TGG,0
38915,+,GGC,1
38924,+,TGG,3
38925,+,GGG,1
38937,+,AGG,1
38938,+,GGG,4
38939,+,GGG,7
38977,+,AGG,5
38992,+,TGG,0
38995,+,TGG,0
38996,+,GGG,12
39010,-,GAG,2
39073,+,AGG,0
39085,+,AGG,0
39095,-,AGG,13
39163,+,AGG,4
39189,+,TGG,5
39194,+,TGG,10
39234,-,CGG,5
39235,+,CGG,0
39247,+,TGG,0
39254,-,AGG,1
39259,+,AGG,7
39260,+,GGT,1
39262,+,TGG,0
39267,+,TGG,6
39268,+,GGT,1
39274,+,TGG,1
39311,-,TGG,0
39313,-,GGT,2
39314,-,TGG,23
39320,-,TGG,11
39321,-,CTG,1
39325,+,AGG,353
39352,-,GGG,4
39353,-,AGG,0
39370,+,AGG,0
39397,+,AGG,1
39415,+,CGG,2
39442,+,AGG,1
39443,+,GGG,7
39444,+,GGG,2
39452,-,GGG,8
39453,-,TGG,3
39478,+,CGG,3
39496,+,TGG,2
39506,+,TGG,0
39528,+,TGG,0
39529,+,GGG,1
39553,+,AGG,0
39558,+,AGG,0
39567,+,AGG,5
39571,+,AGG,2
39592,+,TGG,5
39593,+,GGT,1
39651,+,AGG,2
39652,+,GGG,4
39681,+,TGG,0
39685,+,TGG,0
39699,-,AGG,36
39745,+,AGG,43
39749,+,AGG,9
39757,+,CGG,13867
39766,-,AGG,2
39790,-,AGG,21
39794,+,CGG,1
39795,+,GGG,12
39848,-,AGG,31
39857,-,GGG,2
39858,-,TGG,12
39871,+,TGG,8
39915,-,GGG,40
39916,-,GGG,13
39917,-,CGG,43
39942,-,GGG,27
39943,-,CGG,2
39958,+,CGG,0
39959,+,GGG,55
39960,+,GGG,1
39961,+,GGT,1
39994,+,AGG,7
40011,-,CGG,3
40012,+,CGG,0
40013,+,GGG,20
40019,+,AGG,1
40022,-,TGG,0
40038,+,TGG,1
40042,-,GGG,0
40043,-,TGG,3
40047,+,AGG,0
40058,-,GGA,1
40059,-,AGG,43
40117,-,CGG,37
40134,+,CGG,9
40148,-,GGG,0
40149,-,GGG,4
40150,-,AGG,5
40157,-,TGG,266
40166,-,TGG,0
40173,-,GGA,1
40174,-,AGG,29
40185,+,AGG,5
40192,+,TGG,0
40213,+,TGG,0
40214,+,GGG,12
40215,+,GGG,1
40225,+,AGG,1
40226,+,GGG,13
40244,+,AGG,0
40245,+,GGG,0
40258,+,TGG,3
40259,+,GGA,2
40270,+,AAG,2
40271,+,AGG,17337
40289,-,GGT,1
40290,-,AGG,13
40310,+,TGG,3
40337,-,CGG,0
40338,+,CGG,0
40345,-,TGG,0
40355,+,AGG,2
40359,+,TGG,1
40360,+,GGG,20
