v_spacer,heler_spacer,dist,v_pos,h_pos,hits,strand,reads
ATAATCTCAAATCAAA,AGAATTTTAAATCAAG,4,113,18402,96,+,6
TTAACTTAACGCTCAC,GTAACTTATGACACAT,6,207,2363,29,-,2
ACAGGAACGAAAATAT,ACGGGAACGAGATTAT,3,221,20156,65,+,0
ACCACATTTAAAAGAA,ACTGTCTTTAAAGGAA,5,254,28060,74,+,0
ATATGCAAACACAAAA,AAAGGGGAACACCAAA,5,276,13930,99,-,4
TTGATAAAATTGAATC,TGGATTTAATAGAAAC,5,351,2932,179,-,31
CGAGATGACAATATAA,CGAAATTACATTATTA,4,431,28234,50,-,1
CGTATGACGAAGCTAA,GGTACGAAAAAGTTAA,5,450,2087,26,-,76
AGCTAAAGGTATCGCT,ACTTAAAAATATGGAT,6,460,13274,23,+,3
AACGTTGAAAAAGTAA,TTTATTGAACAAGTAA,5,572,9900,138,+,36
GCAATGATGGTTGCTA,TCTATGAAAGTTGCAA,5,626,5489,38,+,17
GAAATCGAAGTCCCAG,GAAATCGATGTTAAAT,5,773,36622,25,+,12
ATATGATTGACGAAAA,ATATTGTTAACGAACA,4,1044,12250,125,-,103
AAATTTTCCTTAATCT,AAAGTTTGCATAATCT,3,1086,4470,115,-,55
TTAACTGGATGATTTT,TTAGGTGGCGTATTTT,5,1146,25324,92,+,2
GCATACGATAACACAC,GCATATCGTACCAGAT,6,1196,10183,8,+,2
TCAAGAGTACAAAACA,CCTAGACACCAAAACA,5,1293,40157,58,-,266
AACAAATGATACTTTG,ACGAAATAATAGTTTG,4,1351,38320,65,-,0
ATACTTTGAGGGCGCA,AATCTTTATAAACGCA,7,1359,1309,27,+,1
CAGAATCAGTCAATAA,AAAAATCAATCAATAG,4,1434,7069,52,+,126
AGAATTTTACAATGAT,CGGATTTTTCATTTAT,5,1558,4995,141,+,1
CTAGAAAATCATGAGC,CTACAAAAACATCACA,5,1598,18076,47,-,22
GTGTCCCTAAGTGGTC,GTATGCCTTAGTGTGT,6,1662,266,6,+,1
TGGTCAGGAGTTATTG,TATACAAGGGTTATTG,5,1673,31210,27,-,1
AGTACGAGCTTGCGCA,TGTAAGAGATTTTGAA,6,1692,6729,16,-,2
ATGGGCTTACCTATGC,ATGAGCATTGGTAAGC,6,1748,7791,25,-,1
TTCGTTTGTGAGTTAG,TTATATTGTAACTTAG,5,1892,22898,30,-,1
CTGAATTCGTTGACAG,TTGACTTAGGTGACAT,5,1992,36278,35,+,5
ACTTTAGAACCAAAAC,AATTTGCAACCAAAAA,4,2073,4174,73,-,1
GCTATGAAATTTTAAA,TCTATGAAAGTTGCAA,4,2127,5489,110,+,17
AAAGAGCAATTCGACA,TAGAAGCAATTAGAAA,5,2187,4577,47,+,50
AGTCCGTGATTATGTA,AATTGGAAATTATGAA,6,2477,5442,31,+,0
GGTGCTAAAAAATACG,GGTACTAACGAAAACG,4,2535,36003,37,-,7
AGTATAAACGTGGGAA,AGTTTATTCGAGGGAA,4,2665,31486,33,+,0
TGAGTTTATGGTAGAA,GACGTTTATGTTAAAA,5,2686,2193,52,-,3
CTTTGATTAGTATGGC,CTTTGAAGAATATGAG,5,2911,14796,42,+,1
CTCAATTGGAGTCCTA,CTAGATTGAAGCCCAA,5,2949,30173,16,+,2
ATGGACTTTTGGCGAA,ACGGATTATCGGCAAA,5,2982,7210,68,+,0
TATTTGATGATAACAC,TATTGGATCATTCCAA,5,3046,6260,75,-,6
ACCTGAAGAATTAGTA,ACTTGATGAAGCAGTA,4,3110,11806,45,+,2
CCTTTTTATATCAATG,TCCGTTTAAATCAATA,5,3138,20938,65,+,14
AAACTAAGCTGGAACA,AAGCTAAGCTAGATTT,5,3193,17213,49,-,24
ATAAAGAACATGCAAG,TTAAAAAGCATGGAAG,4,3294,14716,66,-,21
AATCGGAACTTTTGAC,AATTGGAAATTATGAA,4,3415,5442,47,+,0
TTGATCCAACTTGAAA,TAGAAGCAATTAGAAA,5,3519,4577,79,+,50
CGCAGACGAGTAGTTA,AGCGGTAAAGAAGTTA,6,3567,19463,18,-,1
GGCGAGCAACCAATTG,GACGACCAAGATGTTG,6,3720,1077,23,+,111
ATCTAAGTGACCTACA,ATGAAAGAGAATTACA,5,3784,23216,25,+,1
CTACAAGGCAGTAGAA,GTACGAGGCGGTAAAA,4,3795,22271,19,+,0
AAAGTAACTGAAAATG,AAACCAACTGAATAGG,4,3859,20434,107,+,0
GTTCTAAGTCGTTCCA,ATGCTAGGTAGTTGTA,6,3881,8120,32,-,92
GCTTTGAAAGAAATTG,GCTATTAAAGAAATAT,4,4324,7352,97,-,5303
AATGAACTTAACGCAC,AATGAACATAAATCAA,4,4538,32985,33,+,0
AGGAAGAAAAACCAAA,AAGGAGGAACAACAAA,5,4554,942,104,+,1
CAAACAAAAACAGAGC,AAAACAAATACTGAGG,4,4874,33689,56,+,0
GACCTTGCTCTTGTTG,AACTTTTATTTTATTG,6,5045,15887,34,+,1
AAATTATTGTCTATAC,AAATTATGGCATAAGC,5,5343,10806,107,-,15
CATAAGAATAAAATGG,AATAAAACTTTTATGG,6,5535,11602,85,+,27
ATGATAGATTATATTA,CTGAAAAATTATTTTA,4,5560,27705,88,-,0
AGTTAATGTATTATGG,AATAAAACTTTTATGG,5,5798,11602,37,+,27
ATTTCTTGGACGAAAA,AACCCTTGAACAGAAA,6,6034,6715,111,-,1
AACAAAATGATTTTAG,AGCGAAAGGATTTTCG,4,6096,29481,103,-,0
TAAATGACGTTATTTT,TAGGTGGCGTAATGTT,5,6179,33922,111,+,0
GTTATTTTAGGCGTTA,CTTCTTTTTAGCGGTA,5,6187,457,54,-,1
TCACTTAGTGACTCAA,TAACTTAGTCATGAAA,5,6235,3569,42,+,22
TTGACGATGAACTTGT,TTGATGAAATACTTGA,5,6323,11745,89,+,40
ATTTGCCTTGTGGTGC,GTATGCCTTAGTGTGT,6,6428,266,34,+,1
TTTGAAGCAGAGTTTA,AATGAAGCATATTCTA,5,6534,13595,70,-,4
CTAGATATCAAAATAC,CGAGATAAAGATAAAC,6,6619,3678,45,-,8
TAAAACAAGTTAAAAA,TAAAAAAATTGAAAAG,4,6655,22742,221,+,0
AAATAGTTGTTAATGC,AGATATTAGTTACTCC,5,6679,3680,121,+,1
TTCTTAGTTGAAAAAA,TTATTAATTGAAATTT,5,6738,6291,145,+,1
AAACAACATTGAAAAA,AAACAAAATCGAACAT,4,6772,1802,182,+,6
AATGAAATTATAGAAA,AATTATATTTTAGATA,4,6809,27691,180,+,0
GTAGCTGATATGACTA,GAAGCTGATTTAGATA,5,6888,18759,31,+,8
ACCATGGAGTGAAAAA,ACCATGATACTAAAAA,5,7021,2788,64,-,1
GAGCTACCTTACTTCA,AGGATACGTTCCGTCA,6,7039,327,23,-,26
TCAAAGAAGATATTTT,ACAATCAATATATTTA,5,7090,3626,129,-,30
TTCAATACCTTATTAA,TTCAAAAACCTATTTA,4,7171,8532,94,-,0
AGCGTGATAAAGTTAC,AACGTGATGAGCTTAT,5,7195,11438,34,+,7
ATATTTATTCGAATGG,AAAATTATTGGAGTTG,5,7354,1070,69,-,1
GTAACTACTGCTACAA,GTAACTTATGACACAT,5,7518,2363,50,-,2
ACTTTGAAAGATTCTA,ACCTTTAGAGATTATA,4,7569,23623,95,-,2
GTAACATCAGTGATTA,GATACAACAGTGTTTT,5,7602,40310,46,+,3
ACGGACAACTTGCTCC,ACGGAAAAATTGGCTC,5,7645,3923,5,+,1
ATGAAGATGTTACCGC,TTGAAGCTTCTAGAGC,6,7696,6577,47,+,23
AAAACTAATTAAGTAA,CAAAATTTTTAAGTAA,4,7762,31787,155,-,10
AATTTAAAATGATTAC,AAATTAAAACTATTTC,4,7818,12660,126,+,46
CTTTTCCAGCAACAAA,TTATTCCAGCAGAACA,5,7844,19595,121,+,132
TCGATACTGACGGTAA,TCAATACTGTCTTTAA,4,8007,28055,41,+,4
AATTTAATGAGCTGAA,TATCAAAACAGCTGAA,5,8059,7505,79,+,3
GGGTAGATTGTAACGG,TGGTAGATTTGATCGC,5,8248,14864,12,-,15
TTTATTCAAGAAAAAG,TTTACTAAACAACAAG,4,8343,37264,174,+,10
AAGAAAGATACTGTAA,AAGAAAAGTTTTATAA,5,8412,4674,63,+,5
AACTTTTGACTATTTT,AAGTTATCACTATCAT,5,8446,4334,164,-,260
GCAGAGAAAAAGAAAG,TTCAAGAAAAAGAAAA,5,8538,1835,59,+,0
AAAAGAAAAAGAGAAA,AAAAAGAAAAGTGAAA,3,8558,9068,254,+,4
AAAAGGCGTAAAAGAA,AAAAGGAGCAAACAAA,4,8571,37846,86,+,18
AGTAATGCAACATTTG,AGAATAGCATCATTTG,4,8603,6438,53,+,24
TCGAGAACTCACTTAA,GCGATAAAACAATTAA,5,8649,21065,27,+,0
TCAATACCGCTATGTC,GCGATAACGCAATCTA,6,8670,6826,23,-,1
CGCTATGTCAGGGCTT,AGCAATGTAAGTGTTA,6,8677,26634,12,-,13
ACAAAAGCTCACCAGC,ACAAAAGACCACAACC,4,8841,2804,25,-,9
AACTTACTCGAGATTT,AACTTCCGCGTAGTTT,5,8877,6758,54,-,0
AGAAACACAAGCTAAC,AGAAATATAAGCGAAA,4,8902,18597,30,+,14
CAAGCTAACAGGCTAG,CAGGATAACGAGCGAG,5,8909,10124,8,+,2
GAAATTAAGCAAGTCG,GGAATTATAGAAGACG,5,8930,20453,52,-,5
AGGGCGCTATTAGTTC,AAGCCGCTTGAAGTTT,6,8946,2720,15,-,50
CTAAAATGGATACTAA,CTAAAATGGCGGTTAA,4,8982,23996,83,+,0
TTAGAGAAATTGCGGT,AAATAGAAATAGAGCT,6,9045,3698,77,+,14
TTGGCAATGGCTTAAA,TTGGCAATGTGTTCGC,5,9102,24980,83,+,8
AATACATTGAAGTTCA,AATTCAATGAAGATGA,4,9170,4965,76,+,67
CAACGTTCATTGGTTT,CAACGTTTAATGATTG,4,9282,4199,63,+,0
CTGGCGAACAATTAAA,CTAAAAATTAATTAAA,6,9369,4599,45,+,0
TTAAAAGGTGTAGTTC,TTAAAAGTCGTAGAAA,5,9380,2682,40,-,52
ATGTCAGCAAGTGGTA,ATATGAGCAAGAGCTA,4,9410,8794,48,+,11
CTAGCGCTAGTGAAAA,TTAGCGGTAGTTAAGT,5,9540,450,46,-,130
GTTGAAATGCTAGATA,TTTCAAATCATAGATA,4,9569,694,69,-,203
TAATTGATAAAATGGC,TTAGTCATGAAATGGT,5,9720,3573,112,+,55
TTGCTAATTTGGCAAA,TTACTTACTTAGCAAA,4,9972,19700,107,+,0
AATTTAGTGAAAGCAA,AGTTTAAAAAAAGCAA,4,10032,28468,116,+,1
TAGTTGCCTTAACAGC,AAGTTGATTTAAAAGC,4,10077,27523,60,+,2
AAACAGCAATTCAAGC,AGACATCAATTTTAGT,5,10158,2246,100,+,43
CAATTCAAGCAGGAAC,GCATTCAAGTCGCAAC,5,10164,11925,68,-,1
TCACTCAAACCGAAAC,GCATTCAAGTCGCAAC,5,10278,11925,36,-,1
ACCGAAACAGGTAAAA,TCTGAAATAGGTAAAA,3,10286,16672,50,+,6
CAGTTGACGGAGCTAA,CAGCAGACGCAGGAAA,5,10404,12379,39,+,2
CTAAAGGCATTTGGCA,CTAAACATATTCGACA,5,10416,8932,30,-,3
TCAGTGGAATTGTACA,TTATTGGAGTTGTAGA,4,10449,1066,28,-,206341
TTCAAACAGCATGGGC,TTAAAACAGCAGTTTC,5,10536,25613,32,+,0
CATGGGCAGGAGTTAC,CAAGAGCTAGGGTTAC,5,10545,8801,26,+,1
TTACAGGGTTCTTCAC,TTACTGGCGACTTCTC,5,10557,25898,33,+,0
TCTCTTCTTTAGTGAC,TCTTTATGTTAGCGAC,5,10623,38284,45,+,1
CATGGAACGGCATATC,CATTGAATAGCATAGG,5,10785,24743,12,+,2
TAGCTGGCTTCTTTGG,TAGCTGACTTACAAGA,6,10917,22218,39,+,6
TATTCAACGCTGTAAA,TATGAATCGCTATAAT,5,10938,38788,36,-,1
TATGGAGTGCAGTATC,GAAGGAGTGTATTAAA,6,11025,22130,29,+,0
CTTGGGGAGCAATAAC,ATAGAGAAGGAAGAAC,6,11124,865,38,-,29
CTTGGAACGCAATAAC,TTCACGACGCAATAAC,5,11244,15029,32,+,1
TTAGTGATATATTCGG,ATAGTTTTAGATTCGA,5,11289,4885,49,-,13
CAATTAACAATATCAA,GACTTAACAATAGTCA,5,11352,3647,110,-,154
TTGGCGGACTATTCAA,TTGGAGGATTTTAAAA,5,11397,7479,56,+,0
AAGGTTCTATGGTAGT,AAGATTTTATGTTTGA,5,11412,11220,35,+,7
ACACATTTAACGTGCA,AGTTATTTAACAGGCA,5,11508,30169,19,-,2
GACGAGAATTTGAACT,AAATAGAAATAGAGCT,6,11568,3698,38,+,14
AGAATTTGAACTAGGG,AGAACGTGAAATAGCT,5,11572,9651,26,+,30
CAAACAGAAATTTTTC,GGAACGCAAATTATTC,5,11884,2328,133,-,1
GATGTCACAAAGACAG,GATGTCTATTACCCAG,6,11926,6035,30,+,19
TGTCAAAAGTTTATGG,AATAAAACTTTTATGG,5,12062,11602,71,+,27
ATGGAGGAACCGAACT,ATAGTGGAAGCAAACA,5,12074,27305,25,-,2
GAGGAACCGAACTAGG,GTGGAACTTATCCAGG,5,12077,33088,11,+,0
GCTATAAGTATATCGA,TTGATGAGTATATCGA,4,12095,17706,30,+,0
GTATTTAAGACGGAAC,GCATTCAAGTCGCAAC,4,12277,11925,33,-,1
ATGATGAAGTTTACCA,ATGATGCGGTTTATAA,4,12329,35307,90,-,18
CTCGTATAATTGAAAA,CTAGTTTAATTGATAC,4,12407,13233,82,+,11
CTAATCAACTTAAGTA,ACAATCAATATATTTA,6,12436,3626,55,-,30
TTTAAAATCAAGAGAA,GTTACGTTCAAGAGAA,4,12460,25130,162,+,0
GTAAAAAAGAAAAAAG,ATAAAGAAGAAAAACT,4,12565,29723,223,-,4
GGCCTTCCAATACCAA,GGCCTATAAATAAAAA,5,12582,37514,25,-,10
ACGAACTGTGGGAAAC,ACGAAATAAGAGAACC,5,12622,23483,20,+,2
CAATTGAAGAAGCTCT,AACTTGATGAAGCAGT,5,12724,11805,79,+,0
AGTATTTTCGCTGGCA,AGTATAATCGGTAGTA,5,12954,13162,37,-,3
TCATGATGTAGCAAAA,TCATCATGCGGGAAAA,4,13007,7240,73,-,10
AAAAGGATATTTTCCA,ATTAGGAGACTTTACA,5,13020,28689,101,+,6
AAAAAGAATCACGACA,AAAAAGAAAAGTGAAA,5,13136,9068,72,+,4
AGACTTGCCAGATGTA,AGATTGGTCAGATATT,5,13337,24965,32,+,1
GCGTTGTCTACTATTA,CTATCGTCGAATATTA,6,13404,8589,24,+,0
CTCTACAATCGTCACA,CTACAAAAACATCACA,5,13436,18076,19,-,22
GTAGATATTTGGTACG,GAAACTATTGAGTACG,5,13503,3786,26,+,78
AGGGCAAGCTATATTC,AAGCTAAGCTAGATTT,5,13519,17213,13,-,24
GAATAGATAGCTTCAC,AGATATAGAACTTCAC,5,13649,5383,23,+,60
AAAATAATTTCAAGAA,AAATTAATTAAAAGGA,4,13867,4603,234,+,3
GGACTATAGAACAATT,GGACTATTGAAAATAA,5,13990,37580,37,-,44
AAACTGTTGCCTTAAA,AAAGTTTTAACTTAAG,5,14106,929,101,+,1
ATATTGTTACGACTTC,TTATAGTTGATACTTC,5,14262,10478,74,-,1
TGATTTAGTAATTGTT,TGATTTAGGAATATCA,5,14440,37676,109,+,1
TGTCAAATATACAAAA,TGTCAGGTACAGAAAA,4,14472,2060,114,+,2
AAACTGTAATCAACGT,AAAACGGTATAAACAT,6,14901,2288,50,+,0
GGTTACTATACTTTGT,TATTTTTCTACGTTGT,6,14919,397,38,-,1
GAAGAAGAACAAACGG,GAAGATGAAGAAACGT,3,15029,18313,59,+,44
AACGACGGAAGATTGC,AAAATCGGAAGGTTTC,5,15211,14717,26,+,48319
GAAGTATGCCAATCAG,TAATTATGAAAATCAC,5,15298,4626,27,+,28
ACTGTGAAGCTACATC,ACGGTAACACTACTCC,6,15409,2561,14,-,0
TAAACAAGCGCCTTAC,AAAAGCAGCGACTTTA,6,15515,8705,26,-,0
ACAAATACAGAATTAG,CTAAAAGCAGAAGTAG,5,15550,5306,80,+,14
AAAACTTCGATTGGAA,AAAATTTTTATTTCAA,5,15713,34476,66,-,0
AAAAATAATACGAAAA,TAAAATTATACCAGAA,4,15791,6865,207,+,8
GCGATTCTGTCAACTT,GCGATTTCATCAGCTT,4,15995,26413,38,+,0
TTTAGAACCAAGCTCA,GAGAAAACCAAGCTTA,5,16569,30011,43,-,1
CTAGATAATTATTAAA,CTAAAAATTAATTAAA,4,16592,4599,91,+,0
AAAACATAGTAAGATA,AAAACATTATAAGAAT,4,16870,31229,100,-,2
TGATTTAGTTATTCTT,TCATACCGTCATTCTT,5,16919,6358,119,+,83
TAGTTATTCTTAGGTT,ATTTTACTCATAGGTT,5,16924,23589,58,-,4
TACTTGGTTTCTATCT,ATTTGGGTTTCTTACT,6,17309,6347,44,-,27
CCAGCAGTTCAATTAC,ACAACACTTCAACTAG,5,17332,19940,31,+,2
GCTCTTCTTCCGTTGT,TATTTTTCTACGTTGT,6,17434,397,29,-,1
ATCCTCCTAAGTATTT,ATCTTACAAGGTATTG,5,18068,20263,45,+,1
TGAGAATACTCCTAAA,TTAGACTACTTATAAG,5,18165,1426,42,-,5
CCCCAACTTCCACAAT,CTCCAACATACACGCC,6,18196,19544,32,+,75
ATTTTTCCATTACTTT,TTTTTTGCGTTTTTTT,5,18270,40214,200,+,12
TTCTTTTTTCTTCATC,TTGATTATTCACCAAC,6,18487,2983,145,+,60
TAAGTTCCAGTAATTC,TAGGTTCAAGTGATTT,4,18682,37666,58,+,1
TCCTTTCGTTTTAATC,TATTTACTTTTTAGGC,6,18884,4976,47,-,1
GTATTAATTTACCAGC,GTGCTAATTAACCTGA,5,19154,17521,80,+,1
GCAGGAGTTTCTTGAA,AAAAGAGTTTCTTAAA,4,19168,19824,52,+,0
AAGCGTCAACTCCTTC,AGGCTTCAACACCATC,4,19471,15672,50,+,19
ACTCAATCACTTTATC,ATTCATTCATGTTATT,5,19531,15351,63,+,144
GTTCGCCAAACAAGCT,GGTTATCAAACACGCT,5,19558,36498,26,+,1
CAACTTTCTACTAGAA,CAACATTATACACGAA,4,20148,1742,27,+,45
CCGAATTAACTTCAAT,ACGGATTATCGGCAAA,6,20175,7210,64,+,0
ATACTTTTTCAACCGT,ATAAGTGTTGAACGGT,5,20256,349,62,-,27
CTAATTGAATGAAGTC,TGAATAGAATGACGTT,5,20349,14900,41,+,55
TGAGTAGTTCCATGTT,TGAGTTATTCGAAATT,5,20599,2403,40,+,1
TTCTGTCAAGTCGGGT,CAATGTAATGTCGGGG,6,20699,6031,32,-,0
TAGCTCCGTCCATTAC,TAGCGCAATCCATTAC,3,20878,33114,16,-,0
TCTCGTAAGTAGCAGT,TCCCTTAAGCAGCATA,5,21013,20963,19,-,3
TGGCTTTTAAGCTCTA,CTTCTTTTTAGCGGTA,6,21182,457,32,-,1
CATACAAGCACTCGTT,CATACCGTCATTCTTT,5,21872,6359,16,+,68
CTCGTCTGTTATCATC,CTTGTAAATTATTTTC,6,22101,6619,30,+,33
TATAAAACTTAAATTT,AATAAAACTTTTATGG,5,22403,11602,142,+,27
GTTTATTTCATCTTCA,TTGTAAATTATTTTCA,6,22566,6620,64,+,2
CATAACTATATAAAAC,CATAGCTTTCCAAAAT,5,22988,24879,76,+,0
CTATTAGTTCGCTATC,ATAAAAGTAAACTATC,6,23199,16059,24,+,8
TCTTACTATTAATTTT,TCTTGATAGTTCATTT,6,23334,552,140,-,6
TTAGGCGACATAGTAA,TTAGGAGACTTTACAA,5,23348,28690,20,+,1
ATCTAAAGTATTTCTA,ATTTAACGTATTTAAA,4,23512,29810,60,+,2
GCTAGTAATTCCTCTT,GTGAGTTATTCGAAAT,7,23530,2402,34,+,2
CTAATAAGTCTTTAAG,CTAAAAATTAATTAAA,5,23592,4599,51,+,0
AGAAATATAAGTTATC,AGAAATATAAGCGAAA,4,23736,18597,54,+,14
GACCAAGTGAACCTTT,GAACAAGTGATATTTG,5,23933,24176,48,+,1
ACTTACTTTATCAAAT,ACTAACTTTATTTTAG,5,24021,10288,95,+,2
ACTTCAATCATATTTG,ACATCAATCACACATT,5,24152,2425,60,+,30
TGCAATGTTTACATTT,TGGAATAACTAAATTT,5,24399,20923,76,-,0
TGCTTTTCAGTTTGTA,TGCTATTCAGTACTTA,4,24534,18555,50,-,12
AACAAAATTCTTGTTT,AACGAAATAATAGTTT,4,25386,38321,133,-,3
ACCATACTTTACAAAC,ACAATAGTTTATAAAT,4,25748,1709,48,-,94
AAAACAAAAGCCACTA,TACACAAAAGACCACA,6,25819,2807,96,-,61
ATATTATTTAAATAAC,ATAGTTTATAAATTCC,5,25891,1706,173,-,25
ATAGCTTACATAACAG,ATATCTTACGAAACCA,5,26406,10626,35,-,26
TATATCAAGTTAAGAG,TATAAACGGTTAACAG,5,26462,6998,62,-,7
ACAGCTTTAATTTTTA,ACCGCTCTATATTTAA,5,26590,6384,105,+,19
TAGTCGGTTCAATTGC,CAGCATGGTCAATTGC,5,26828,3165,61,+,17
ATCACGTTCAAGTCTA,GTTACGTTCAAGAGAA,5,26959,25130,25,+,0
GGTATCATCTAATTAA,GCTATCCTTGAATTGA,5,27077,461,54,+,13
CTCTATGTAGAAAGTC,CTCTATATTTAACGGC,5,27202,6388,22,+,22
GCATTTTATATGGTGT,GTATCTTGTATGGACT,5,27262,15667,54,-,8
TCGGTTACCAACTTTA,TTGGATACTCATTTTA,5,27282,23608,37,+,2
TTTGAATTAAAAGAAC,AATTAATTAAAAGGAC,4,27386,4604,134,+,1
TTGACAGCCTAAGCGG,CTAACAACTTAAGCGT,5,27438,38629,14,+,6
CTAAGCGGAGGGTGCA,CTTAGGCAAAACTGCA,7,27446,2312,7,-,1
TATAAGTTATAGTTCT,GAAAAGTAAGAGTAAT,6,27614,8404,62,+,16
TATCACGTTATAGCTT,CATCACTTCATATCTT,4,27657,3131,31,-,5
AAGAGCAGTTCTGTTT,AATGGCAGTTGTGACG,6,27677,2589,42,+,1
TGTATTAAAGTGTCAC,TGCATTAAAGCGTAAA,4,27838,17418,33,+,2
GCTGGTTAGAGTAATA,TTTGGTTAGAACAAAA,5,27872,15099,41,-,1
TGTACTAACGTGGTGT,TGCAGTAACGTATTAG,6,27891,35958,23,-,1
CCTGCTACTGATAGTT,CGCGTTACTCATACAT,6,27956,16787,40,-,1
TAGGAATAACAATATG,TAAGAAAAATATTTTG,5,27971,32581,47,-,3
CTACTGCTATAAGATA,CTTGTACTAGATGATA,5,28040,8229,47,+,38
TTGCTATTAAGTTATA,TTGTTAACAAGTTTTT,5,28183,2501,53,+,57
AAGGATAGATATATAA,AAGAAAAGTTTTATAA,4,28198,4674,58,+,5
TTCTTGGTATGTTGAT,TTTTTAGATAGTTGAT,5,28252,19290,76,-,10
TGATAGGTTTTACAAT,TGATGCGGTTTATAAT,4,28264,35306,82,-,6
ATTAATCGCTATGTTA,ACTTATTGCTATCTTA,4,28426,34562,52,-,8
GAAATTTTCAGCACAA,AAAATTTTTATTTCAA,5,28445,34476,62,-,0
TCAAAAGGAAATTATA,ACAAAAAGAAAATGAA,5,124,12337,102,+,1
CTATATGCTCATATTT,CTCTATCAACATAGCT,6,143,390,53,+,61
TGCAAACACAAAAAGG,TTTATCCACATAAAGG,5,279,6707,49,+,0
TAAAACTTTTAGAAAG,TACACTTTTTAAAAAT,5,412,14706,147,+,0
CTTGATAAAGATAGCT,CTCTATCAACATAGCT,4,605,390,44,+,61
AGCTTGGTAGCAATGA,AAATCGTTAGCACTAA,6,617,20218,37,+,1
TGATGGTTGCTAAGGC,TGAAAGTTGCGATGGA,5,630,32818,32,-,1
TTATAATCCTACTGAA,TAACAGTCCTGCTGAA,4,661,6988,58,-,8
TATTTAAATAAAATGT,AAATTAATTAAAAGGA,5,809,4603,167,+,3
TACGCAAGCTATTGAA,CGCCCAAGCTATTTAT,5,931,18435,34,+,4
ACTTCTACCTGACTAC,ACTTACAGATGATTAC,5,960,32279,15,+,1
ACTTCCGACACAGCGT,ATTTTCGACCTAACAT,6,1000,29472,15,-,4
TCCGACACAGCGTTGG,ATCGTAAAAGCGTTAG,6,1003,25177,10,+,3
GGTATGAGTTAATGCT,GTTAGGATTTAATTAT,5,1020,40173,24,-,1
TCCTTAATCTAGGACG,TTCTCAATTTAGAGCA,6,1092,25068,18,+,0
ATCTAGGACGTGGTTC,ATGCAGGTAGTTGTTC,5,1098,28419,17,-,17
GGTAAGTCAAGTTTAA,AGTAAGTTTAGTTTCA,4,1115,15734,41,-,20
TACGCGCGTGCTTAAC,TATGCTCGTAAGAATC,7,1135,1242,10,+,2
TTTTAGGCGGACAATA,TTTTTGGGGCAAAAAA,5,1158,40225,56,+,1
CTTTGAGGGCGCAAGG,TTTTTACGACTAAAGG,6,1362,29592,12,+,0
ATGAAGTTCATACTTA,ATGAAACTTAAACTTA,4,1404,17323,81,+,464
TCAAAAACAAGATAAC,ACAAAAAGAAAATGAA,5,1459,12337,92,+,1
GTATTTACATCACTTC,GAATGAACATGAATTA,6,1482,13195,63,+,3
GCGGACTTAAACGAGA,AGGGAGTTTAACGGTA,6,1500,3714,19,+,53
CAAAGATAAGAAGAAT,TAAAGTCAAGAAGTAT,4,1618,20838,106,+,2912
AAGAAGAATTGGACTA,AAGAAGATTTTGAAAC,5,1625,16454,74,+,3
TGGCTTTACCTCTTAT,TACCTTTACCTAAAAT,5,1641,6805,41,+,16
TGGCAGTGTCCCTAAG,TGGCAGTAAATTTGAG,6,1657,7568,3,+,1
TTCTTAGCGTTTAATA,TTGGAAACGTTTAAGA,5,1733,12009,66,+,1
TTGACCTATCCTTAAT,ATGACTTATCGTGAGT,5,1854,18578,48,+,28
TCTCAATATGAGCAAC,TCTCAAGAAGGGAAAT,5,1949,38026,36,+,2
AGAACAACAAGAGTTA,ATATGAGCAAGAGCTA,5,1972,8794,57,+,11
TTAAAATCTAAGTTAG,TTATATTGTAACTTAG,4,2234,22898,63,-,1
CCAAAAAGTCATGCAG,CCAATAGGTAAAGAAG,5,2272,29098,36,+,0
TTAAAATCGGACAAAG,ATTCCATCGGCCAAAG,5,2310,30860,79,+,0
ACTGTTGCTTTGACAA,ACTGTAGCTTGGTCAT,4,2375,9729,77,-,5
ACAATGGCTTTAGAAA,ACAAAAGCTTTACCAT,5,2387,5991,113,+,60
ACACAGTTCGAGAAAG,ATAGAGGTCGAAAAAG,4,2431,10878,40,+,0
AGTTCGAGAAAGTGGT,AGAAAGCGCAAGTGGT,5,2435,38996,37,+,12
GTACAATAAAAAAGAA,GAACAAGAAAAAATAT,4,2453,39353,114,-,0
AATAAAAAAGAATGGT,AAGAAAATAGAAGAGT,4,2457,21350,163,+,1737
TGACTTGCGTAAGATG,TGAAATGTGAGAGATG,5,2509,7747,18,+,11
TATTGTAGAACTAACG,GATTTTCGACCTAACA,5,2561,29473,14,-,1
GGAAAACCTTGATGAT,GATAAAAGTTGATGAG,5,2579,5812,70,+,11
CAAGCGAGTATAAACG,GAAGCGAGTATCAATA,4,2659,3735,21,+,8
GAAAGGTGTGAGTTTA,AAAAGCAGCGACTTTA,5,2678,8705,32,-,0
AACTTATTCGGAAAAG,AAGTTATTGGGATTAG,4,2715,7649,65,+,1
TGGTATCATTTTCACG,AGGTATCTACTTCACA,5,2731,36186,38,+,12
TCAAAGAGTTACAGCG,ACAAAGAAGTACATCA,5,2768,13390,22,+,0
ATAAAAAATCTGATGT,AAACAAAATCGAACAT,6,2884,1802,123,+,6
GATACTTTGATTAGTA,GGGACGATGATTAGTG,5,2907,2625,48,-,47
AGATGAAGTTCTCAAT,AGATGTATTACGAAAT,5,2939,3328,55,+,60
GGCGAACGCAATAGCA,GAAGAAAGCAAGTGCA,5,2967,11496,19,+,2
CAATAGCATGGACTTT,GAAAAGCAGCGACTTT,4,2975,8706,56,-,0
AGTATTCAAACTAAGC,TATAATCTGACTAAGC,5,3186,9095,32,+,1
AACAAGGTAAATTGCG,CACAAGGTATTATGAG,5,3205,18147,45,+,1
AGGGTTCGAGTTACAA,ATTTTGCGATTTAGAA,6,3310,5147,28,-,2
ATGAAAATATTTTGCT,AGAAAAATATTTTGCC,3,3445,32579,126,-,1
ACCATGAAAATATTAA,ACCATGATACTAAAAA,4,3664,2788,124,-,1
CAACTTCTTGTTAAAA,CAACGTATTAGTAAAG,5,3702,2112,112,-,28
AGCAACCAATTGAGGG,AGCAAAGATGTGAGTA,6,3724,5536,30,-,4
AGTCGTTCCAAGGCAT,AGTCGTAGAAAGCCAT,4,3887,2677,23,-,28
GCATTGGTTCAGAAGT,ACAATAGTTTATAAAT,6,3899,1709,45,-,94
TATATGAACACGGAGC,TAAGTGGACACGGTGG,5,3989,26450,19,+,0
GATCTAGTGAAGTCAT,GATCTATTGTGTTAAT,5,4007,15852,30,+,0
AACATTAACAAAGCTG,AAGATCAACTAAGATG,4,4099,5392,57,-,12
ACAAAGCTGTGGAAAA,AAAAAGATGATGATAA,5,4106,16832,102,+,18
TTTATTCAAAATGCAT,TTTATTGAACAAGTAA,5,4258,9900,103,+,36
GAAAAACAGAACCGCT,AAAAAATACAACCAAC,6,4379,7597,46,+,10
TAAAATCTCAAATTAG,GATAATGTCTAAGTAG,5,4425,11131,86,-,1
CCAAAAGTACAAGAAT,CCAAATGTTCAAGAAA,3,4475,9771,94,+,4
TATTGAAAAAGAACTC,AATAGAAATAGAGCTA,5,4632,3699,79,+,13
AGAAATTAAAAACGCT,CCAAATTGAAAAAGCA,5,4657,2103,83,+,15
CAAAACTTGCTGAAAA,AAAAAAGAGCTGAAAA,4,4680,7129,165,+,9
TCCACGTTACAAATGT,TGTACATTACTAATGG,5,4794,30135,40,-,6
ACTCTCGAGCCTGTAA,ACTTTTCGGACTGTTA,6,4913,18887,18,+,3
CAAAAGCCAAATCAGC,CAAAAAGAAAATGAAA,6,5133,12338,71,+,1
TTGTCCGCCCTACTGC,TTCTTTGATGTACTGC,6,5193,31075,10,+,2
AAATTGCTTCTGAAGT,TAATTGATACTGGAGA,5,5316,13239,135,+,6
CTCAAACCTACTGTAT,CTTAAACCAACTGAAT,3,5372,20431,31,+,6
AGTTGATGCCTTTGAA,AGTTGAATTCTTTGAA,3,5431,11981,59,+,3753
AACAGCAACATGATTT,ACGAGCAACATGCGAT,5,5456,5751,57,+,128
TTGAAACTTATAACGC,TTGAAGCTTCTAGAGC,4,5499,6577,70,+,23
TTTCATAAGAATAAAA,ATTCATTAGAATAGTA,4,5532,646,186,-,1
ATATTAAGGTCTATTG,ACAGCATGGTCAATTG,5,5570,3164,35,+,0
ATAGCTATTAAATTGC,ATAGTTTATAAATTCC,4,5641,1706,51,-,25
AATTGCTGGAAAAAAA,AATTGATAAAAAAGAA,4,5651,9497,195,+,0
TGAACCAGCAGAACAA,TAAACTAATAGATCAA,5,5742,22700,45,+,0
AAGAGTTAATGTATTA,AAGATTTAGCGTTTTA,4,5795,5166,58,+,58
CTGTTAAGAAGAAGAA,CTTTGAAGAATATGAG,5,5860,14796,76,+,1
ATGAGTTTTCTATGAT,ATGAGGATTCTGAAAT,5,5950,16664,64,+,0
TTTCTATGATTGGACT,GTTTTTTGATCGGGCT,5,5956,39790,63,-,21
AACGGAATCGGAGAAA,AACGAAGGTGGAACAA,6,5997,3991,32,+,79
ATTTTCAACTATTTCT,TTTCACAAGTATTTCT,4,6024,25485,156,+,10
TTTCAAGCGAACAACA,ATTAAACCTTACAAAA,6,6059,5009,64,+,11
AGGGATTAGTGAGCAA,AGTGATGTGTTAGCTA,5,6112,4405,26,+,86
TGATTCTTATATAGAT,TTATGATAATATGGAT,5,6135,16126,81,+,3
TCAAAGGTCATTAAAA,AAAAAGGGCAGAAAAA,5,6247,80,112,+,4
AATACGAGCTTTGTCA,AATATGAGCATTGGTA,4,6268,7794,31,-,1
TGTTTTACAAAACGGT,CTTTTTAAAAATCGGA,5,6354,14710,55,+,0
TTGGAATATGACGAAC,TCGTATTATGACGATG,5,6369,3085,41,-,1
ATTTGTACAATTATAC,ATTTGGACAGATATAG,4,6401,22042,72,-,2
CTGTTTATTTGCCTTG,ATGTCTATTACCCAGG,6,6422,6036,47,+,2
TGCCTTGTGGTGCAGG,AGCGTTTTAGCGCTTG,7,6431,1904,16,+,2
TGCAGGTGGTCAAGCA,TTAAGGTGGAAATACA,6,6441,6695,32,-,1
AAAGTAACAGAACGCA,GAAGTAACCAAAGACA,5,6507,10519,45,+,12
AGAACGCATGGGCGAT,AGCACTAATGGGTGAT,4,6515,20226,10,+,1
GATTAATCAGAAGCCA,GTTTCATAAGAAACTA,5,6583,15787,48,-,2
ACACTAGCGGTTATCA,GCAGTAGGGATTATGA,5,6712,11816,22,+,160
CACGTGAGATTTTCTT,GCTGTGAAAGTTTCAT,6,6853,27224,37,-,0
ACCATAAAATTGTAAC,AACATAAAAAACTAAC,4,6934,7573,75,-,0
CTGGTTTAGTATCAGT,ATTGTTAAGTACAAGT,5,6949,23291,54,-,1
GTATCAGTTGGCTCAA,ATATCAGTTGTTACAA,4,6957,39,39,+,2
ATGATGTACCAGACCA,TTGACTTACTAGAAAA,6,7009,5280,31,+,2
TTACTTCAAGGCGAAA,CTATTTCATAGAGATA,6,7047,773,38,-,1
AACAAAGAACAGAAAA,AAAAAAGGGCAGAAAA,3,7111,79,146,+,0
AGAACAGAAAATGGCT,AGAACGTGAAATAGCT,4,7116,9651,43,+,30
AGAAAATGGCTTGGGT,AGATTATGGCTTATAT,5,7121,38924,35,+,3
TGGGTTGGTCTCCTAC,TTGATTATTCACCAAC,6,7132,2983,9,+,60
GTCTCCTACTGGTAAT,CACTCCTAATCGTCAT,5,7139,5891,26,+,1
TGTAGACCCTATCCAA,TTTAGATGCTATCCAG,4,7307,34076,25,+,2
CCTATCCAATGGACTT,CATAAAAAATGGTATT,6,7314,3048,22,+,21
CAGATATTTATTCGAA,CATATATTGATACGAA,3,7351,16721,79,+,0
TATTGAGTACGAAATT,TGATGAGTGTGTGATT,6,7388,254,49,-,1
GATTTCGCCAAGAAAA,GATTACGGCGAGAAAA,3,7422,24217,84,+,0
CTGATACAGTTCTAGC,CTGAAATAGTACGAGG,5,7465,22263,48,+,0
TGAAAGATTCTAAGGG,AGAAAGGTTATAACAG,5,7573,14106,33,+,1
TGATTAAGGACGCACA,TGATTATTCACCAACA,5,7612,2984,32,+,1
TAAAGGAATATATAAA,TAAAAGATTATCTAAA,3,7775,18991,144,+,0
CAGCAACAAAAGGCAA,CAAAAAGAAAATGAAA,5,7850,12338,53,+,1
GAAATTACTGACCTAA,GATACCAATGATCTTA,6,7895,4916,82,+,20
TGGAGTTCGTTCAATA,TGCAAGACGTTCAAAA,5,7911,8541,27,-,0
CAATATGGTCTATACT,CAATACTGTCTTTAAA,5,7922,28056,33,+,1
AGAACTTGTCGAATTG,AAAATTATTGGAGTTG,6,8032,1070,38,-,1
GATACTTAGAACTAAC,GAAACTTATAATAGAC,5,8107,12218,26,-,7
AAAATTCTTTTGTCGC,AAAATTTTTATTTCAA,5,8167,34476,69,-,0
GACTTTACAGAGAAAA,GACGATAGAGAGAGAA,4,8199,16363,85,+,6
CAAGTTATTGATACTT,CAAGTTATTTACACTT,2,8231,14451,82,-,0
GATATAACACAGTTCA,GCGATAAAACAATTAA,5,8478,21065,32,+,0
ACACAGTTCATGGAAA,AAATACTTAAAGGAAA,5,8484,35786,49,+,0
AAGAAAGGGTATGTAA,AAGAAAAGTTTTATAA,4,8582,4674,51,+,5
ACAAATACCGATAAAA,ACTTATACCGAGAAGA,4,8738,8637,92,+,11
AACTTACAAACGCAGT,TTCTTACAATTTCAGT,5,8771,6103,44,-,1
AGCAGGTCAAAAGAAA,AGCAGCTCAACATCGA,5,8854,1047,49,-,25
TATTAGTTCAGGCTCT,TAAAACATCAGGTTCT,5,8953,33272,30,+,2
GACATTGATGCTAAAA,GACGTTTATGTTAAAA,3,8972,2193,93,-,3
CTAAAGGCGTTAATAG,ATACAAGCGTTAATAC,4,8994,35245,44,+,2
TTAATAGTGGAATTGA,GTCATAGTTAATTTGA,5,9003,13216,116,-,5
GTGTATTTAGACAGAT,GTGTATTGCAACAGAT,3,9063,37136,36,+,3
GCGCTGTTAGTGCTGT,TCGCGGTAAGTGATGT,4,9087,10134,27,-,34
TTAGTGCTGTTGGCAA,CTATTGATGTTGTAAA,5,9093,11190,55,+,56
CAATGGCTTAAAAGGT,CAATAGTTTATAAATT,5,9106,1708,64,-,1
TGGGTATCTGACGCAA,TCTATATCTTACGAAA,5,9122,10629,10,-,1
TGAAGTTCAAGGGAAA,AGAAGTTTCCGGAAAA,5,9177,14770,48,-,3
TTTCAACAACGTTCAT,ATTCAAAGGCGCTCAC,6,9276,8770,83,+,7
GTGCTAAAACAGCAGT,GTGTTAAAAGAGAAGA,4,9306,6581,63,-,17
AAGCTAACCAAGCATT,AAGCTAAGCTAGATTT,4,9345,17213,61,-,24
CTAACCAAGCATTTGG,CTATAAAAGAATTTGA,5,9348,16194,39,+,1
AAGCATTTGGTGGTAC,AAGAATTTGATGATAA,4,9354,4433,59,+,1
GTCAAATGTCAGCAAG,GTCGAATATTGGTAAG,5,9405,34431,44,+,0
ATAACAATACAGCTCT,CTATCCATACAGCAGG,6,9459,15774,42,-,1
CTTAAATCAACTGTTA,CTTAAACCAACTGAAT,4,9485,20431,68,+,6
CGGCTTTGAAACAATA,CTAATTTGACACAATT,5,9513,27386,56,-,1
CAATGCAAAAACTCGG,CAAAACAAATACTGAG,5,9588,33688,33,+,9
AAAAACTCGGTGGTGC,TAAAGCACGGTGACAC,6,9594,990,36,-,23
AACTCGGTGGTGCTGG,AACTTGATGAAGCAGT,6,9597,11805,30,+,0
TCGGTGGTGCTGGTGG,ATCGTGCTGATGGTGG,5,9600,21544,35,-,11
GTGCTGTAACGACTAT,GAATGGTTACGAGTAT,6,9618,7811,29,+,1
GACTATTGGGGATGCT,TACGAATGGTGATGTT,5,9628,16731,30,+,0
GCTTTGTTACCTACTT,ATTTTTCTTCCTAGTT,6,9674,482,43,+,0
TCTATAATTGATAAAA,TCTGAAATAGGTAAAA,4,9716,16672,142,+,6
TGATAAAATGGCAGGT,ACATTCAATGACAGGT,5,9724,29643,52,+,0
GTTGGGGCGAAAGTGC,TGTGGGACGAATATAC,6,9738,10926,25,+,8
GTATGTCAAAGAACTA,CTATTTCATAGAGATA,5,9781,773,49,-,1
GAGCATTAGAAAAAAA,AAGCTGAAGAAAATAA,5,9801,5073,138,+,2
TTCTTTGTCTAAAATT,TGCTATAACTAAAATG,5,9829,27855,138,+,0
TAATAGAATCATTTGC,TCAAAGAATACTTTGC,4,9897,15807,89,+,2
GTATAGATTCAAAAAC,GTTTACATTCAATGAC,4,9915,29639,79,+,5
AAACTGGCGAAAGTGC,AAGCTGAAGAAAATAA,6,9927,5073,63,+,2
GAAAGTGCTGGTTCTG,AATAGTGTTGATGATG,6,9935,16651,31,+,11
AAAACTATTGCTAATT,ATTAATATTTCTAAAT,5,9965,3009,114,+,91
TTGTAGCTTTTAAAAT,TTGTAGTGGATAAAAT,4,10098,28550,158,-,1
CTTTTAAAATTGGTTC,CTTGTAAATTATTTTC,5,10104,6619,152,+,33
GCAGGAACAGGAGTAA,GAATGAACATGAATTA,5,10172,13195,39,+,3
GCTTTCAATGCTGTTA,TTTTTCTACGTTGTTA,5,10193,395,58,-,94
GCTATAAATCCATTCG,GCGATAAAACAATTAA,5,10211,21065,30,+,0
ATCCATTCGTGGCTCT,ATCACTTCATATCTTT,6,10218,3130,23,-,30
TCGCAGCCATTGTTGC,TCGCGGTAAGTGATGT,6,10245,10134,65,-,34
AACAGGTAAAAAGGCT,AAGCGGTAAAGAAGTT,5,10291,19464,61,-,16
CTTCTTAAAGAGTGCA,CTTTTTAAAAATCGGA,5,10324,14710,44,+,0
CATTCTTTAGCGGTAT,ATTTATTCAGCTGTAT,5,10356,30274,33,+,3
TAGCGGTATTGGTCAA,CAACGGTATTGTTCGA,4,10363,32998,35,+,2
ATGGTTTGCTGATATA,CTTTTTTGCTGATATT,4,10378,161,50,-,19
CGGAGCTAAAGGCATT,TGGTACTAAATTCATT,5,10411,9028,21,-,12
GCAAGGCTTAGTCGAT,TCAAGGTGTAGTAGAT,4,10429,25638,17,+,1
TAGTCGATTGGTTCAG,TAGTGAAGTGGTGGAG,5,10437,34407,27,+,0
AGGTGTTCAAAATATT,AGTTGTGATAAAGATT,5,10465,16627,86,-,25
ATTCTTTACTACTTTA,ATACTTCACTACAGCA,5,10498,3154,93,+,36
GGACAACTGTTGTTAC,GCATACCTTGTGTTAC,5,10515,17089,40,+,1
TGGTATTCAAACAGCA,GTGTATTCAAATAACC,5,10531,230,41,-,19
GTTCTTCACAGGGCTA,CTTCTTTTTAGCGGTA,6,10564,457,10,-,1
GACAGGTGCTTATAAT,GAAATGTACCTATCAT,5,10636,17303,23,+,11
TTTATAAATCTATATT,TTTATTCAGCTGTATT,4,10686,30275,119,+,2
CTATATTTGGGTTAGT,AGTTATTGGGATTAGG,6,10695,7650,53,+,2
GCATTCCAACTTATAT,GCATTTCAAAGAAAAT,5,10730,1938,59,+,1
ATTAGTTATCGGAGCA,AATGGTTATTCTAGTA,6,10771,4904,25,-,5
GCATATCAGGTTTCTT,GCGTTTTAGGTTTAGT,5,10794,24392,39,+,0
CAGTATTTAGCGCCAT,CAGTACTTAATGCGGT,5,10848,24359,24,+,0
CCATTGGTAGTTTTGC,CAATTGGTAATGTGCC,5,10860,22329,49,+,1
TTTTGCTGGTTCAGCT,TCTTGATAGTTCATTT,5,10870,552,66,-,6
TCAGCTTGGAATGTAC,TCACTATGGAACGTAT,5,10880,30569,23,-,1
CTTGGAATGTACTGGT,TTTGAAATGTACGAGA,5,10884,10552,29,+,2
TGTACTGGTTGGTGTA,TTTGATGGGTGGTATA,5,10891,14399,14,-,8
TATGGAATGCAGTAGC,AATGGAATACAGCAGA,4,10905,22533,24,+,10
CAGTAGCTGGCTTCTT,CAGTAGCTCGAATTTA,5,10914,15600,25,-,22
TTTTGCTTCTAGCGCT,GTTGGTTACGAGCCCT,6,10990,15531,36,-,2
AGTAGTTTCATCAATA,AGTGGTTACGTCAAAA,4,11011,2324,69,+,1
TATCAGGCTTCTTTAG,TATGAGGGTTATTTAT,4,11037,32853,42,+,5
TTCGTAGTGTTGTTAG,TAGGTATGGTTGGTAG,5,11070,38222,30,-,7
GAGTGTTCAGCGCTCT,AAGTAGTCAGCGCGGT,5,11088,26390,11,+,3
TGTTCAGCGCTCTTGG,TGTACATTACTAATGG,6,11091,30135,17,-,6
CTTTGCTTCAAACGCT,ATTGCCTACAAACGAA,6,11110,27317,37,+,1
GAGTATTCGAAGCTTT,GAGAAAACCAAGCTTA,5,11208,30011,71,-,1
TTTTGCTTCTAATGCT,TTATGCTCGTAAGAAT,6,11230,1241,92,+,426
GAGTGTTTAACGGTAT,GGGAGTTTAACGGTAT,2,11262,3715,28,+,2
ACGATAGACAGCGTTC,ACGATTGTCGACGTTA,5,11318,25338,23,-,13
CAAAGGTTCAATTGAT,CAAAGGTTATATAGTT,4,11365,12993,78,+,4675
GGGTTGCAAGTAAAGT,GTATTGCGAATCAAGT,5,11382,12100,44,+,28
CTATTCAAAGGTTCTA,ATTTTAAAAGGTCATA,5,11405,3399,37,+,14
ACGTGCAAGGCGGTGC,ACGTTGAATACGGTAC,5,11517,21525,8,+,2
ACTAGGGAGGGCTTAA,AAAACGGTGTGTTTAA,6,11581,7141,14,+,7
ACAGATGATAAAGTTT,AGTTGTGATAAAGATT,5,11635,16627,114,-,25
TTTTGGACGTCACAAA,TTTGGCACCCTACAAA,5,11648,16170,64,+,3
TACCAGCCCTCTAATT,TACCAATGATCTTATT,5,11680,4918,21,+,2
ATCAACTAATAACATC,ATCAAACAATTACAAT,5,11706,21762,57,-,0
ACATCTGGCAAAGTAA,AAATGTGGCAAATTGA,4,11717,36884,59,+,7
GGCAAAGTAATGGTAT,GGCAATGTTATTTTAT,4,11723,19561,39,+,1
AATGGTATTGGAGTAA,CAGGGTATTCGACTAA,4,11731,14654,46,+,3
TTAAACTAGAAACGTT,TTTAGTTAGAAACTTT,4,11783,31446,57,+,1
CGATATAATTACAAAG,CGTTATAATTACTAAA,3,11985,8009,46,-,0
ACGGTAAAGTTATCGC,ACTTTAAAGGTATTGC,4,12041,31343,38,+,6
GCATGTCAAAAGTTTA,GCAATAAAAAAGATTA,5,12059,38914,68,+,0
CTTCTTACACTTATTA,TTTCTTACAATTTCAG,6,12116,6104,57,-,1214
AGAACGTTTAAGTCGC,ATAATGTCTAAGTAGC,4,12147,11130,32,-,24
GAAATATTTAGTTTTA,AAAATATTCATGTTAA,5,12178,3361,101,+,42
TACCTAAAACACCTGC,TAGCACTAACACCTGC,4,12215,23324,40,+,1
GATTTTTAGACGATAC,TATTTTTAAAAGATAT,4,12239,34500,49,+,0
TGAAGTTTACCAAGGT,TAAATATTTCGATGGT,6,12333,21466,39,+,5
TTTACCAAGGTTGGAA,TCTATGAAAGTTGCAA,5,12338,5489,60,+,17
AATTTATTCCCTGTAA,AGTTTATTCGAGGGAA,5,12370,31486,57,+,0
ATTGAAAAAGGCCAAA,ATTTTAAAAGGTCATA,4,12415,3399,89,+,14
ATTTCAGCATGCCTAA,ATATGAGCATTGGTAA,5,12547,7793,35,-,9751
TATTAACTACGAACTG,TATTAATTTAGGATTG,5,12614,40192,24,+,0
CCGTTTCGGTAGAAGT,CCCTTTCTGAAGAAAT,4,12670,768,40,+,7
AAACTGAATTTAGATA,CAACAGGATTTAGTGA,5,12753,10412,101,+,2
GTTAAAAAACTACTTT,GTAAGAAAAATATTTT,4,12812,32582,140,-,0
ATAATTTAATGAGTTA,ACAATTAAAGGATTTA,4,12919,21073,110,+,4
ATTCAAGTATTTTCGC,ATGGAAGTATATTGTC,5,12949,7327,62,+,14
CTTTGCTTCAAGAAAC,CTGTCTTTAAAGGAAC,5,13112,28061,95,+,1
AAGCAAAGTGTGACAA,AAGAAAAGTTTTATAA,4,13164,4674,55,+,5
ATTATAGCACTTATCA,ATTACAGAAATTTTCA,4,13309,33718,63,-,4
TGACTTAGTAGATATT,TGAGTTATTCGAAATT,4,13496,2403,48,+,1
TTATTTTTGTAGAAAG,TTGTTTCTAAACAAAG,5,13579,6137,147,-,80
AGTATGTTGCTACTTA,AGAAAGTTTTAACTTA,5,13619,927,37,+,11
ATTTAGAGTTATTGAA,TATTGGAGTTGTAGAA,5,13691,1065,91,-,2
GTCAATTTGTATCAAT,CTAATTGTTTATCGAT,6,13772,1389,62,+,97
AATTTGTATCAATTGG,AAATGGCAGCAATTTG,5,13775,16685,111,+,5
TTGGTGGTTATCCTTA,GTGTTGGTTATTTACA,6,13787,16550,63,+,1
TATACATGATGTTGAC,TAAAAATGATATGGAT,5,13968,39194,38,+,10
ATGATGTTGACTGGAA,ATGTAGTTGACTCAGA,5,13973,33166,46,+,4
AATTAGGCGCAAAGAC,AATTCGGCGAAAAAGT,5,14002,22617,26,+,0
ATACTTCAATTATTGC,GTACTACAATGTTTTC,5,14061,633,127,-,15
CTTCAATTATTGCTGG,GCTCAATCATTGCGTG,5,14064,18221,118,+,1
ATATAAACAACGGTTC,ATACAACCAACTGGCA,6,14223,7602,36,+,29
TTACGACTTCAGGAAC,TTGCGAATTCAACAAT,5,14268,38611,35,-,4
CGTTGACAGTTGAAGC,AATTGACACCTCAAGA,6,14385,873,27,+,254
CAGTTGAAGCTGGAAA,CAGCAGACGCAGGAAA,4,14391,12379,83,+,2
GAAGCTGGAAATGGTT,GTAGCGGGAAAAACAT,6,14396,4999,57,-,4724
TAATTGTTAGGTTCTT,TAGTTGATAGATTTTT,4,14448,19309,59,+,4
AAATATACAAAAAGGC,AAATTAATTAAAAGGA,5,14476,4603,84,+,3
AAGGCTGGAATATGTC,AATACTAGAAGATGTT,5,14487,20704,32,+,4
GAATATGTCTGGAACA,GAACTTGTATTGAACA,4,14494,12979,28,+,1
TTGTTCAAAGTCTTGT,TTGATGAAATACTTGA,5,14538,11745,132,+,40
TTGTTGGTCATTTTGC,TTGTAAGAGATTTTGA,5,14550,6730,113,-,6
TTGATATAAACCCAAA,TATATATAAAGCAACA,5,14589,10245,81,+,6
AAATGGTAGTATTACT,AAAAAATGGTATTAGG,6,14602,3051,66,+,12
TGGTAGTATTACTTGG,ACGAAGTATTACACGG,5,14605,5640,27,-,7
CACCTATTGCAACACG,TACGTAATGCGAAAGG,6,14643,679,30,+,4
AGAAAGCGAAACAAAA,AAAAAGGGCAGAAAAA,5,14693,80,101,+,4
GATTCTTTTCGCAACA,CATTCTTTACACAAAA,4,14749,31846,50,+,0
GGTTGTATTCTCCCTG,TGGTGGATTCTGCCAT,6,14827,28592,17,+,0
TCAGCCCAATGTTTGC,TGATACCAGTGATTGC,5,14964,24320,33,+,6
AACTTATTAAAAAGAA,AATTGATAAAAAAGAA,3,14991,9497,183,+,0
TGAATATAACTAATGC,TGTACATTACTAATGG,4,15059,30135,64,-,6
CTAATGCTGGCGTTCG,ATGATGCAGGCATTAC,6,15068,4544,25,-,1
TAATCCACAATGATGC,TATTTGAAAATGATGA,5,15107,4779,31,+,0
ATGATGCTGGGTCAAA,ATGATGATTGGTTACA,4,15116,29183,48,+,0
CAGTTTCTATGATGAT,CAATTGTTAATATGAT,5,15144,13836,64,+,3
AGCAAAACCCAGAAAA,AAAAAAGGGCAGAAAA,5,15170,79,66,+,0
TTGCTCATGTTTATAT,TAGCTCCTGTTGACTT,5,15191,21423,104,+,4
TCTGACTTCTCTAACA,GCTGAATGGTTAAACA,6,15232,7515,34,+,41
CTTCTCTAACATGGCA,CTTACCTTATGTGTCA,6,15237,7334,19,-,5
TGCAAATTATGCCAGT,GGTAACTTATGACACA,6,15279,2364,55,-,1068046
TAAGTACATGAAACAA,TATGCACATTACACAA,4,15369,18136,83,+,1
TGCCCTAGACGTTCCG,AGCCCTACCAGTCCCA,6,15445,15521,6,-,6
GTTCCGTGGAAGCTCA,ATTCCGTCGTTGCTAC,6,15455,5238,16,+,166927
CCGTGGAAGCTCATGG,GCGTTTTAGCGCTTGG,6,15458,1905,18,+,3
AATTTACATATACAAA,TTATTACAAATACAAA,4,15584,11907,126,+,1
CAACTTACTACTTTAA,GCGCTTATTACTTTCA,5,15611,10164,44,+,0
TCACACCCAGACCAAT,TTCCACCAATAAGAAT,6,15649,1694,21,-,21
CTTATAAAGAAACAAC,CGTATAATGTGTCAAC,5,15683,5604,104,-,0
CCTTAAAAACTTCGAT,ACTTAAAAATATGGAT,4,15708,13274,70,+,3
GGCCCTCACTTAATTG,TGCTATAACTAAAATG,6,15808,27855,11,+,0
CATAATGACCTTTTAT,AATAATGGCCCATCCT,6,15884,817,52,-,31
TTCTAGCTGTTGACCG,TTGCTGGTGTCGACTG,6,16640,15819,22,+,1
ATAGATACTCTTTACT,ATTGAGATTCTTTGTT,5,16747,14067,35,-,1
GGAATGCTACGGTATT,CCAATACTACGTTAAT,5,16888,1461,27,+,128
TTTTTCAATTTCTACT,GTCTTGAATATCTATT,5,17297,31649,165,-,3
TCCATACCGTATTCAT,CCTACACAGTATTCAA,5,17895,2380,36,+,38
TAAACGACTTGACCAA,TAAACTAATAGATCAA,4,18322,22700,50,+,0
CCTTGTCTTTCTATTT,ATTTTTCTTCCTAGTT,5,18641,482,73,+,0
TTGAATGTCAAAGCAA,TTGAACAACAAATCAA,4,18824,32212,83,+,4
TTGTTATTATAAATAG,CCTTTAGTATAAATAT,5,19073,4813,126,-,99
TTATTATAAATAGTGG,TTATGGTAAATAATGG,3,19076,825,101,-,0
CTGTAAGCTCAAGTTA,CTATAAGTTGAAGACA,5,19718,9285,26,-,118
CTCCGTCAAAGTCAAA,AGCAGTCAAAGCTAAA,5,20013,8093,46,+,61
TATTCGCCTGATTCCT,TCATACCGTCATTCTT,7,20297,6358,28,+,83
TTTCTTTTTCAAATAA,TTTGTTTCTAAACAAA,5,20409,6138,244,-,6
CAGCTCGATTTAGCGC,CAACAGGATTTAGTGA,5,20632,10412,19,+,2
CATCAAACATTGAAGC,AAGCATATATTGACGC,5,20797,14639,73,+,2
AATTATCATATAGATA,AATTATATTTTAGATA,3,20959,27691,114,+,0
CTCTTCTTTCCAACCT,ATCAACTTCACAACAT,6,21166,19920,36,-,0
GTTTTTTGACAAAGTA,GTATTCGTACAAATTA,5,21247,3437,105,-,325
CTTGAAATAATGCTAT,TTGGCAATAAAGCTAA,5,21536,38644,58,+,0
CTTTCTTATCAGAGTA,CTTTCTATACAGATAA,5,21555,27484,44,+,0
AGACCAACCAACTTTT,ATACAATCCAGCTTTT,4,22057,29490,48,+,1
ACTCAAAAGCACTACT,ACTCAAAAGGGGAACA,5,22478,13935,31,-,1
TTCATTTACTTTTTCA,TTTACTTATTGTTTCT,5,23058,6095,172,+,5
CTTTCGTCGTTTCTAA,ATTCCGTCGTTGCTAC,4,23160,5238,58,+,166927
CAATCTCATACCATGC,CTATCGCATACGATCC,4,23367,8053,17,-,7
CGTAGCTCCTAATATA,GGTAGACCCTAATATT,4,23392,35316,21,+,6
TTAGGACTTCTGCCAT,TGGTGGATTCTGCCAT,5,23544,28592,49,+,0
GACTTCTGCCATTGGT,GAATACTGCGATTATT,5,23548,13312,28,+,6
ATTGTGCTTTTTCCCT,ATTTGGGTTTCTTACT,6,23674,6347,68,-,27
GATTCTTTAAGCTCCT,GAATCTTTAGTATTGT,6,23998,21212,40,+,4
TTTAGGGTTGTCTACA,ATGAGGTTTGTTAACT,6,24412,2878,31,-,9
ATTTCATCCGTTGTTT,ATTTTTTGCGTTTTTT,4,24917,40213,76,+,0
CTTTATATTTACATTT,CAAGTTATTTACACTT,5,25347,14451,93,-,0
TATTAATCTTTAATTT,TCTTGATAGTTCATTT,5,25586,552,146,-,6
TTCTTTTTTTACGAGT,TTTATTTTAGAGGAGA,6,25669,10294,83,+,3
ACAAAAGCCACTAAGG,AGAAAAGCGACTTATC,5,25822,7664,34,-,21
AATCAAAATGTATTGC,ACTTTAAAGGTATTGC,4,26186,31343,87,+,6
TTTCCTTGTCTACTTC,TATTCTTGTTTATTTA,5,26228,25545,58,+,0
TTAATGCTGTTGAATG,TTGCTGGTGTCGACTG,5,26555,15819,81,+,1
TTAGCACTTCTAATAC,TTAGCTGATGTAATAC,4,26774,13880,57,+,2
TCGGTTCAATTGCAGG,GCGGTTCTACTGCTAA,6,26831,5879,33,-,15
AAAAGTAAAGATCCTT,ATAAATAAAAATCCAT,4,26851,37509,83,-,0
GCTAACGGTTCATTCT,AATAATGGCCCATCCT,6,26998,817,19,-,31
GTAACCGTCATAACAT,GTAGCGGGAAAAACAT,5,27026,4999,34,-,4724
TGTACCAAACAGTAAA,GGTACGAAAAAGTTAA,4,27054,2087,44,-,76
CAAACAGTAAATGGTG,CAAAAAGAAAATGAAA,5,27059,12338,39,+,1
GATATCAATGACGACA,GATACCAATGATCTTA,5,27163,4916,45,+,20
TTGCCTTGATTATTCT,TGACCTTAACAATTCT,5,27244,27993,89,+,0
TTCTTGGCATTTTATA,TTATTGGAGTTGTAGA,5,27256,1066,100,-,206341
TACCAACTTTAAGGAG,TTCCACCAATAAGAAT,6,27287,1694,32,-,21
TTTACATCTATCTTAT,ATTACAGATATCCTAA,5,27345,34556,58,+,3
TCTATCTTATTGGTAG,TCAATATCGTTGATAG,5,27351,36581,31,+,24
TCTTATTGGTAGTGGC,TCTTTATGTTAGCGAC,5,27355,38284,25,+,1
TGCGAGCATAGTATAA,TGCCTGGACACTATAA,5,27519,31088,19,+,2
TCCAAACCTGTAAACG,TTCATCACTGAAAACG,5,27551,23045,28,+,0
GGTATTGAGCGTATTA,AAGATTTAGCGTTTTA,5,27631,5166,21,+,58
GGCGGAAGCAATACTC,GATGCAGGCATTACGA,7,27694,4542,10,-,4984
TCGATTCCAGATAACG,TTGTTTCTAAACAAAG,6,27714,6137,16,-,80
CAGATAACGTGGTTAG,CAGGTAATGTGGATCA,5,27721,11357,16,-,14
GCTATTGCGCAATACT,GCAACTGTGTAATATG,6,27766,5622,24,+,1
CAACTATACAGATAAC,CTATTATGCAGTTAAT,5,27787,25154,35,+,2
ATAACTAAGTGACAGC,AAAACGAATAGACAGA,5,27858,5039,34,-,1
ATAAGGTGTACTAACG,ATGAGGTTTGTTAACT,5,27885,2878,13,-,9
TAGCGGTATAGTCTAA,CAGCAGTATAGGTTTA,5,28000,5130,16,-,37
AGTCTAATGGTAAACG,CGACTAAAGGTAAGAG,5,28009,14663,29,+,0
TTATTATTTATTATTA,TTATTAATTGAAATTT,5,28080,6291,223,+,1
AGTGTTCGCATTGCTG,TGTGCTCGTATCGATG,5,28151,23482,14,-,1
GCTGTGGCTATTAGTA,CCTGTGATTAGTAGCA,5,28163,2641,25,+,24
AAAGGAGATATAGTTA,AAAGGAGATAACGAAA,4,28212,6879,72,+,15
AGATATAGTTATGGTT,AGTTATAGTTGATACT,6,28217,10480,57,-,1
TAATACAATTTATTCT,TAATCAAATGTATCTT,5,28240,22674,110,-,1
ACCAGTTTGCATTGTT,ATAAATTTGCAGTATA,6,392,3908,33,+,5
CAATATATGACGCTGA,CATTATTTGATGCTAA,4,552,20141,51,+,0
TAATCCTACTGAATGG,TTATGGTAAATAATGG,6,664,825,35,-,0
AATACAACAAAGAAAA,AATATAAAACGAAAAA,5,828,3300,202,+,17
ACTGGATGATTTTAGG,ACTAAATTAATTTAGT,5,1149,26669,33,-,0
TAGGCGGACAATATGG,TAAGTGGACACGGTGG,5,1161,26450,21,+,0
CGTGTTTGACCAAGTT,TGTGTTTAAACTTGTT,5,1222,24822,41,-,0
TTTACATCACTTCTGG,TGTACATTACTAATGG,4,1485,30135,53,-,6
ACAATGATAGGTCGTT,ATGAAGATAGTTCTTT,5,1566,27794,39,+,1
AAAATAGAACTTATGT,GATATAGAACTTCACT,5,1833,5384,92,+,265
GCTAACTTTCTCTGTA,ACTAACTTTATTTTAG,6,1930,10288,18,+,2
CTAATCTTACTTGATA,CGTATCTTAATCGATA,4,2015,40134,52,+,9
GCAGACTTAGAAAAAT,GTGCACTTACAAAAAC,5,2094,9708,82,-,9
ATTTCTTTGACAAAGA,ATTACTGTTACAAAGA,3,2160,20508,147,+,0
ATACTGCTGTTAAAAT,GTACGGTTGTTAATAA,5,2301,1979,108,+,16
ATGGCTTTAGAAATGG,AAGCGTTTAGAGATGC,5,2390,31052,57,+,11
TAAGATGTGGTGCATT,TATGATGCGGTTTATA,5,2518,35308,46,-,1
AAAAATTGAACTTATT,AAAGTTTTAACTTAAG,5,2707,929,158,+,1
CCAGTTGATAACAAGA,TTAGTTAACAAAAAGA,5,3336,4830,35,-,37
ATTGACCTTATTAAAT,ATTAATATTTCTAAAT,5,3402,3009,84,+,91
TAACTGAAAATGAGGA,TATTTGAAAATGATGA,3,3863,4779,86,+,0
GTGTAGAGAATCGTAA,GTGTCGTGAAGATTAA,5,3917,9446,19,+,5
CATTGCTATATGAACA,CATTCGTAAGTGGACA,5,3983,26444,38,+,1
CCCAAGTCCACAAAGA,CAAAAGACCACAACCA,5,4854,2803,35,-,1
CTCTTGTTGAGGGAGA,CACTTATTGAGGAGCA,5,5052,12816,48,+,0
AGGGAGACGGAACAAA,ATAGAGAAGGAAGAAC,5,5061,865,33,-,29
GACGCTATTGAAGAAG,GAAACTATTGAGTACG,5,5168,3786,59,+,78
TAGAAACACTAACAAG,AAGAAACACAAAAGAG,4,5475,17135,69,+,6
CATCTCTTGCTATTGT,CATCACTTCATATCTT,5,5709,3131,66,-,5
ACTTGGTAAAAATGTA,AATTGATAAAAAAGAA,4,5969,9497,65,+,0
TACGGTATGAGCTTAA,AACGTGATGAGCTTAT,4,5983,11438,17,+,7
ATGAGCTTAACGGAAT,GGGAGTTTAACGGTAT,4,5989,3715,39,+,2
ACGATAGAAGACAAGA,ATCATGAAAGACAAGA,4,6208,12358,43,+,25
AACTTGTAGGACTAGT,AACTTGATGAAGCAGT,5,6332,11805,64,+,0
GAAATGTTTTACAAAA,GAATTTTATTACATGA,5,6350,12851,164,+,14
GAGCTAATTACACTAG,GAGGTGATTACATTAG,3,6703,20872,23,-,16
TGACTAAGGGAAGTAA,TCACTATGGAACGTAT,5,6898,30569,52,-,1
TCAATGGAAGACCAAG,GCAAAGGATGACGAGG,5,6969,38732,55,-,13
CAGGGGAATTTGTCGA,CAGGAAGATTTGGCGA,4,7210,24791,30,+,0
AAACAGATTCAGTTGA,AAGAAGATTTAATAGA,5,7288,24020,93,+,1
CCAAGAAAATGGAAAG,CTATGAAAGTTGCAAG,5,7429,5490,57,+,1
CAAAGGGTAATAATGA,CAACGGTTACTGACGA,5,7531,4004,57,+,9
GAAAAGTAGCAACAAA,AAGGAGGAACAACAAA,5,7630,942,109,+,1
TAACGTTCTCCGCTGA,TATTTTTCTACGTTGT,6,7675,397,16,-,1
CAAAAGGCAATGGATA,CAAAAAGAAAATGAAA,5,7856,12338,76,+,1
AACTTAAAAAAGAAGA,GTGTTAAAAGAGAAGA,4,7875,6581,210,-,17
TTGAGTTCGATACTGA,TTGGGATCAATGTTGA,5,8001,13007,40,+,1
TTTGGGTAGATTGTAA,TTTGGTTAGAACAAAA,5,8245,15099,52,-,1
CAAGAAAAAGAGGAAA,CAAAAAGAAAATGAAA,4,8349,12338,128,+,1
TTGAGGTCGAGATATA,AAGAGGTCAAGATATA,3,8616,30308,27,-,10
TGAAGTCACGCTTTAG,TTAAGTCACGTTGTAG,3,9024,15492,19,+,0
GGTCTTAGAGAAATTG,GCTATTAAAGAAATAT,5,9041,7352,40,-,5303
GTGTAGTTCAGGCTTA,CAGCAGTATAGGTTTA,6,9387,5130,30,-,37
GTTATGGAAATGAACC,GTTAAGGAAATAGAGG,5,9497,22327,42,-,1
AGGCAATGCAAAAACT,ACGCTTTGCAAGAAGT,5,9585,16919,77,+,2
TGTCTAAAATTTGGGA,AGAGTTAAATTTGGAA,5,9834,11575,58,+,2
GTTTAAAATCAACTTT,GATAAAAGTAAACTAT,5,9852,16058,143,+,10
CAGTTTTAAGTATAAT,AAGTTATCACTATCAT,5,9873,4334,108,-,260
TAAAGAGTGCATGGGA,TACCGAGAAGATGGCA,6,10329,8642,15,+,0
TAGTTTCATTCTTTAG,TAACTTCATTCGTAAG,4,10350,26438,68,+,0
TTGCTGATATATGGAA,TTGATTCTATATCTAA,5,10383,6310,51,+,6
GGAACGGAGCAGTTGA,GGTACGAAAAAGTTAA,5,10395,2087,20,-,76
TTCAAAATATTTGGAA,TGTAAGAGATTTTGAA,5,10470,6729,149,-,2
TCACAGGGCTATGGGA,TGAAAGCAATATGAGA,6,10569,28001,4,-,52
TATTGGCTATTATTCG,AAATGGAGTTTATTCG,5,10743,31480,57,+,0
CTTACCAATTAGTTAT,CTTCCCCTATAGTTAA,5,10764,10466,54,-,1
TTATCGGAGCATGGAA,TAACAGAAGCTTGGAA,5,10776,25592,24,+,2
GTGCTTTCAGTGCTAT,GCGGTTCTACTGCTAA,6,10968,5879,40,-,15
TAACAGGTATCTTCAG,TAAAGCGTATATACAA,6,11136,8968,37,+,5
TAGCTGATTTCTTTAG,GAGGTGATTACATTAG,4,11157,20872,62,-,16
TTAGCGGAGTGTTTGA,TTATTGGAGTTGTAGA,5,11169,1066,58,-,206341
CTAAAAATATAGTTAG,CTAAAAATTAATTAAA,5,11190,4599,78,+,0
TAACAGGAGTGTTTAA,AAAACGGTGTGTTTAA,4,11256,7141,50,+,7
TCTTTAGTGATATATT,TCTTTAAAAATAAAAA,6,11286,68,92,+,2
TAGACAGCGTTCTGGG,TCAACAGAATTATTGA,7,11322,1024,9,+,0
TTGCAAGTAAAGTTGG,TTGGCAGTAAATTTGA,4,11385,7567,85,+,3
TCAATTTATCTTCTAG,TCACTTGAATTTATAG,5,11442,17450,63,-,20
TATCTTCTAGCGGTTA,TATCTTGTATGGACTA,5,11448,15666,36,-,2
CATTTAACGTGCAAGG,TACGTAATGCGAAAGG,6,11511,679,17,+,4
TACATACCAACTTAGA,CACATACCAATGTTGA,4,11615,8130,13,+,17
CAAAGACAGAGGGTTA,AATAGAAATAGAGCTA,6,11933,3699,29,+,13
AGGGTTACGGTAAGAA,AGGATTACATCAATAA,5,11942,36059,19,+,0
TTGATAAAATTGAAAA,TGGAGAAAATTGTAGA,4,12026,14006,302,-,1
GCAATTGTATTTAAGA,GAACTTGTATTGAACA,4,12271,12979,63,+,1
AAAATCAAGAGAAAGG,GAATTCAACAGAAAGT,4,12463,30443,101,-,1
GCTACTTTGACCGTTT,CATACTTTGAAAGTGT,5,12660,27241,39,+,4
ACAATTAATCGTAAAG,ACAATTAACAATAACT,5,12975,4506,70,-,6
AGTGTGACAATGGACA,AGTTTCAGAACGAACA,5,13170,17544,28,+,15
ACATAGCAAAAAATAA,CGATAGAAAAAGATTA,5,13279,12956,147,+,1
GCACTTATCATGGAGA,GTATTTTTCATAGAGG,5,13315,21694,35,+,7
ATGATAGAGATGACCA,AAGATAAAGATGATGA,4,13375,4319,53,+,0
CGCTCTTGTACGAAGT,CGGTATTGTTCGACGG,5,13754,33001,16,+,0
GTGGTTATCCTTATGG,TTAGTTCTCTTTTTGT,6,13790,496,34,-,16
GTACAGAGTTCCCAGT,AAACAGGGGTCCAACT,6,13929,11363,16,+,0
TCGGTTCTAATAATGA,ACAATACTAATAATGA,4,13944,7312,66,+,24
CATCAAATAATAGTAA,AATCAAGAAATAGTGA,4,14199,8318,111,-,1
GTGTTGATATAAACAA,CTTTAAAAATAAAAAA,6,14217,69,87,+,6
ATGATATGACAGTTAG,ACGAAATAATAGTTTG,5,14343,38320,48,-,0
TTGCAACACGTGGTAA,GTGCGAAAGGTGATAA,5,14649,36764,48,+,0
CTTGTAATTGATTTGA,CTTGTAAATTATTTTC,4,14810,6619,90,+,33
GTTGAAGAAGAACAAA,GTTTGAAAAGAACGAA,4,15026,14571,145,-,6
GTGGGTATAATCCTAC,GCGGTTCTACTGCTAA,6,15083,5879,33,-,15
TTTATATTGGAAACGA,TTTATTTTAGAGGAGA,5,15200,10294,96,+,3
ATTGTGCTAACTCATA,ATTGGGTTAAATCACA,4,15257,38938,47,+,4
TTGAGAAATGAGCAAG,GGGAGGAATTAGCAAG,4,15334,16240,73,-,3
GAAGCTCATGGTGGCA,AGAGTACGTGGTGGCT,6,15463,9541,17,+,2
GTTTCATGCAAGCTAA,GTTACGTTCAAGAGAA,5,15749,25130,53,+,0
TGGTCTGTTCTTTGTT,TTTGCTGTTATAGGTT,6,15900,38393,51,-,1
TCAATAATATTATTGC,TCAACAGAATTATTGA,4,16286,1024,120,+,0
AGATAAGGGAATGCTA,ACATGGGGCAATGCTA,4,16881,34528,44,+,0
GTCTAAAGCCTTGTTA,TTCAAAAACCTATTTA,5,17756,8532,43,-,0
CCACAATAGGTATCTG,CGGCAATTTATATCTC,6,18205,6369,13,-,6
TTTTGCACTATTTCTT,TTGTTAACAAGTTTTT,6,18551,2501,99,+,57
TCAGGTTCATTATATT,AAAGCGTTATTATATT,5,18696,5591,68,+,0
TGTTCTTCTGTCAAGT,CGTTAATCTGGAAAGA,6,20694,10685,53,+,0
ATATATTCATTTAATT,ATTCATTCATGTTATT,4,21659,15351,124,+,144
CTCCTAATATATGGCT,CTCCTAATCGTCATCT,6,23397,5893,28,+,94543
ATGGCTCGGAATGATA,CTGGCACGGATCAATT,6,23407,7612,27,+,1
TTTCTCTGCCAGCGAA,ATTGCCTACAAACGAA,6,23841,27317,20,+,1
GAATAATAATATTGTT,GAATCATCACATTTAT,5,25473,11324,125,+,29
ATTGACATTTATTGTT,ATTGAGATTCTTTGTT,3,25525,14067,101,-,1
ACTTCTAGTTAAATTG,AGTGCTAATTAACCTG,5,25792,17520,66,+,3
AACACTTATTTGATAT,TACACTTTTTAAAAAT,5,26688,14706,75,+,0
CAAATGAGTATGTAGT,CAATAGAGTACGTACA,5,26816,7990,45,+,2
CCAAGCTTATTGCTGA,CAACGGTTACTGACGA,6,26876,4004,51,+,9
CATTGATTAGAGCTAA,CATTATTTGATGCTAA,5,26987,20141,57,+,0
TTATATGGTGTAGGTT,TTAGGTGGCGTATTTT,5,27267,25324,31,+,2
CAGGTGTACTGATTGA,CAGGTGGCGTTATTGA,4,27401,33100,36,+,1
GAGTTGACAGCCTAAG,GAGAACACAGACGAAC,6,27435,3540,28,+,33514
GGAGGGTGCAAGGTGA,GGAGTGTGGGAAATGA,5,27452,12635,7,+,1
AGCAGTTCTGTTTAGG,AGCTATTCATTTTAAA,6,27680,3391,15,+,0
ACAGATAACTGGTGCA,AAAGATTACCGTTTCA,5,27794,16618,21,-,28
AGGTAGTCATAGTTAG,AAGCAGTCAAAGCTAA,5,27987,8092,19,+,1
ATATAACATTCAAGAA,TTAAAACATTCAGGCA,4,28313,31815,98,+,9
GCTAAAGGTATCGCTA,GTTAAAGCTAATGATA,5,461,27456,30,+,172
AAATCGAAGTCCCAGA,AAAACGAATAGACAGA,5,774,5039,39,-,1
CAAGAGTACAAAACAA,AACGATTATCAAACAA,5,1294,2734,54,-,71
ACAAATGATACTTTGA,TCAAAGAATACTTTGC,4,1352,15807,76,+,2
TCTTAGCGTTTAATAT,TCTTAGCCTTTGGGAA,5,1734,34551,60,-,29
TCGTTTGTGAGTTAGA,TAGTTAGTGGGTTTGA,4,1893,31918,46,+,3
CTTTAGAACCAAAACA,CTTTAAAAATAAAAAA,4,2074,69,79,+,6
CTATGAAATTTTAAAA,CTATGAAAGTTGCAAG,4,2128,5490,149,+,1
CAAAAAGTCATGCAGT,CAATACGTGATGATGT,5,2273,18192,66,+,7
TAAAATCGGACAAAGT,TATAATCTGACTAAGC,4,2311,9095,73,+,1
ATTGTAGAACTAACGT,ATTTTCGACCTAACAT,4,2562,29472,29,-,4
AAGCGAGTATAAACGT,AAGCTAGGTTAAAAGT,4,2660,13537,23,+,1
GAGTTTATGGTAGAAA,AAGTCCATTGAAGAAA,5,2687,19476,74,+,1
TCAATTGGAGTCCTAA,ATTATTGGAGTTGTAG,6,2950,1067,35,-,1
TAAAGAACATGCAAGA,GAATGAACATGAATTA,5,3295,13195,59,+,3
GCAGACGAGTAGTTAA,GAAGGTAAGTATTTTA,6,3568,4979,18,+,0
AACTTCTTGTTAAAAT,GATTGCTTGTTAAAAA,4,3703,30206,183,+,0
GCGAGCAACCAATTGA,GCGATAAAACAATTAA,4,3721,21065,25,+,0
ATCTAGTGAAGTCATT,GGTTAAAGAAGTCTTT,6,4008,752,35,-,11
TTATTCAAAATGCATT,TAAATAAAAATCCATT,4,4259,37508,125,-,0
ACCTTGCTCTTGTTGA,AGCTTGATTATGTTGA,4,5046,27127,72,+,0
TTCAAGCGAACAACAT,TGGAAGCTAAGAAAAT,5,6060,19787,37,+,0
ACAAAATGATTTTAGA,AAAAAATGGTATTAGG,4,6097,3051,105,+,12
ATACGAGCTTTGTCAT,ACAAAAGCTTTACCAT,5,6269,5991,48,+,60
AAGTAACAGAACGCAT,AACTACCTAAACACAT,5,6508,2866,41,-,1
TCTTAGTTGAAAAAAA,TTTTACTCAAGAAAAA,5,6739,20634,175,+,0
ATGAAATTATAGAAAA,AGGAGATGAGAGAAAA,4,6810,4091,244,+,5
TAGCTGATATGACTAA,CAGTTTTTACGACTAA,5,6889,29589,56,+,0
GAACAGAAAATGGCTT,GAACGTGAAATAGCTA,5,7117,9652,77,+,1
TCAATACCTTATTAAA,TCTATATCTTACGAAA,4,7172,10629,85,-,1
GCGTGATAAAGTTACA,AAGTGCTAAAGCTAAA,5,7196,6971,22,+,60
ATTGAGTACGAAATTT,TTTTAGTTAGAAACTT,5,7389,31445,82,+,0
TAACTACTGCTACAAA,TAACTACCTAAACACA,5,7519,2867,76,-,119
CTTTGAAAGATTCTAA,CATTCAAAGATTCAAC,4,7570,12466,114,+,8
CGATACTGACGGTAAA,CAATACTGTCTTTAAA,4,8008,28056,31,+,1
AAGTTATTGATACTTT,AAGTTATTGGGATTAG,5,8232,7649,147,+,1
AAAGGCGTAAAAGAAA,AAAGGAGATAACGAAA,4,8572,6879,88,+,15
CAATACCGCTATGTCA,CGATAACGCAATCTAA,5,8671,6825,15,-,33
GCTATGTCAGGGCTTA,TTTATGGCAAAGATTA,6,8678,23620,22,+,1
ACTTACAAACGCAGTT,ACTTGATGAAGCAGTA,6,8772,11806,25,+,2
AAGCTAACAGGCTAGA,TATCTAACATGATACA,5,8910,804,16,+,101
AAATTAAGCAAGTCGA,AATTCAATGAAGTCGA,4,8931,24101,62,+,0
ATTAGTTCAGGCTCTT,ATTCATTCATGTTATT,5,8954,15351,36,+,144
AATGGCTTAAAAGGTT,AATTAATTAAAAGGAC,5,9107,4604,85,+,1
ATACATTGAAGTTCAA,CTAGATTGAAGCCCAA,4,9171,30173,60,+,2
TGCTGTAACGACTATT,TGCTATAACTAAAATG,5,9619,27855,42,+,0
ACTATTGGGGATGCTT,GCTACTGTCGAAGCTT,5,9629,23938,38,+,1
GATAAAATGGCAGGTT,GCTAAAAATAAAGGTT,5,9725,35995,61,+,1
TATGTCAAAGAACTAT,GCTATTAAAGAAATAT,5,9782,7352,78,-,5303
TCTTTGTCTAAAATTT,GAGTTGTCTCAAATGT,5,9830,26258,143,+,2
CAGGAACAGGAGTAAT,CCGGAGCGGAATTAAT,5,10173,26336,54,+,1
ACAGGTAAAAAGGCTT,AGTCGTAGAAAGCCAT,6,10292,2677,65,-,28
TTCTTAAAGAGTGCAT,TTTTTAGATAGTTGAT,5,10325,19290,55,-,10
GGTATTCAAACAGCAT,GGTATTTAAATATGTT,5,10532,16156,36,+,31
ATGGGCAGGAGTTACA,AGTGGAAGTAGATACA,5,10546,17632,21,-,1
TACAGGGTTCTTCACA,TATATCATTCGTCATA,6,10558,3618,15,+,53
TTCTTCACAGGGCTAT,TTGGTTACACGGTTAT,5,10565,29190,22,+,0
TTATAAATCTATATTT,TTATTAATTGAAATTT,4,10687,6291,129,+,1
TTTGCTTCTAGCGCTT,TTTGCTGTTATAGGTT,5,10991,38393,38,-,1
TTTGCTTCAAACGCTT,TGTACTTGATACGATT,5,11111,25950,74,+,4
CGATAGACAGCGTTCT,CGATAGAGAGGCTACA,5,11319,35121,12,+,0
AAAGGTTCAATTGATT,AACGACACAAATGATT,5,11366,38140,93,+,1
ACGAGAATTTGAACTA,AATAGAAATAGAGCTA,5,11569,3699,51,+,13
GAATTTGAACTAGGGA,GAACGTGAAATAGCTA,5,11573,9652,39,+,1
ACCAGCCCTCTAATTT,ACTTCCCCTATAGTTA,6,11681,10467,21,-,144
ATGGTATTGGAGTAAT,AAGCTATTAAAGAAAT,5,11732,7354,82,-,1
ATGTCACAAAGACAGA,TTATTACAAATACAAA,5,11927,11907,39,+,1
GAACGTTTAAGTCGCT,GAGCATTCAAGTCGCA,4,12148,11927,18,-,29
AAATATTTAGTTTTAT,GAATCTTTAGTATTGT,4,12179,21212,171,+,4
ATTAACTACGAACTGT,CTAAAATCCGAACTTT,5,12615,24248,42,+,2
TTAAAAAACTACTTTT,TTAACAAAATACTTAA,4,12813,35780,174,+,1
AAAAGAATCACGACAA,AAAATATTCATGTTAA,5,13137,3361,109,+,42
TAGATATTTGGTACGA,AAACTATTGAGTACGA,5,13504,3787,31,+,1
AATAGATAGCTTCACA,GATATAGAACTTCACT,5,13650,5384,38,+,265
AATATGTCTGGAACAT,AACTTGTATTGAACAA,5,14495,12980,43,+,0
GGTAGTATTACTTGGT,GGTATTATGAGTGGAG,6,14606,18152,24,+,0
AGTATTACTTGGTGGG,AAGAGTACGTGGTGGC,5,14609,9540,16,+,7
ATTCTTTTCGCAACAT,ATTCTTTACACAAAAC,4,14750,31847,84,+,1
GTTGTATTCTCCCTGT,GTGGTAATATCACAGG,6,14828,31074,18,-,1
AACTGTAATCAACGTA,TAGAGTAATTAACATA,5,14902,14531,28,+,1
TAATGCTGGCGTTCGT,AAGTCCTGGGGTTGGT,5,15069,38533,27,-,1
TGGGTATAATCCTACC,TGGATTTAATAGAAAC,6,15084,2932,14,-,31
AATCCACAATGATGCT,TATCTAACATGATACA,6,15108,804,36,+,101
GCAAATTATGCCAGTT,GTAACTTATGACACAT,5,15280,2363,47,-,2
AAGTATGCCAATCAGA,AAGTAGGACAATCACA,3,15299,25094,33,+,0
AAGTACATGAAACAAT,AAGTACAGTATACAAC,4,15370,2918,108,+,214
AAACAAGCGCCTTACA,AAACAAACAACTTAAT,5,15516,2524,22,+,113
GCCCTCACTTAATTGT,ACCCCCACTTATTAAT,5,15809,6810,32,-,1
TAGATAATTATTAAAA,AAGAAAAGTTTTATAA,5,16593,4674,173,+,5
AAACATAGTAAGATAA,AATCAACGTAATATAA,4,16871,23902,88,-,5
CTCTTCTTCCGTTGTA,ATTTTTCTACGTTGTT,6,17435,396,35,-,2
TTTTTCCATTACTTTA,TTTTTGCGTTTTTTTG,5,18271,40215,151,+,1
TACTTTTTCAACCGTA,AATTATTTTAACCGTA,4,20257,27699,50,-,0
TTCTTTTTCAAATAAT,ATTCATTTCACATAAT,5,20410,37358,225,-,1
GTTCTTCTGTCAAGTC,ATTTTTCTTCCTAGTT,6,20695,482,55,+,0
TAATAAGTCTTTAAGA,GAAGAAATATTTAAGA,4,23593,20675,84,+,3
GCAATGTTTACATTTA,ACAATCAATATATTTA,5,24400,3626,68,-,30
TTTCATCCGTTGTTTT,TTTTTTGCGTTTTTTT,4,24918,40214,100,+,12
TTTATATTTACATTTT,TTAATTCTTGCATTTT,4,25348,14432,152,+,1
CAGCTTTAATTTTTAA,AAGATTTTATGTTTGA,5,26591,11220,151,+,7
TCACGTTCAAGTCTAA,TAACGTTTACGATTAA,5,26960,9915,27,-,1
CTAACGGTTCATTCTT,CCAACGTTTAATGATT,5,26999,4198,43,+,2
AAACAGTAAATGGTGT,AATCAAGAAATAGTGA,5,27060,8318,94,-,1
TGACAGCCTAAGCGGA,TAACTACCTAAACACA,6,27439,2867,17,-,119
GAGGGTGCAAGGTGAC,CAGGGAGCGAGATGCA,6,27453,8432,11,+,3
CCAAACCTGTAAACGT,CCTGAAATGTAAACTT,5,27552,19447,43,-,0
ATCACGTTATAGCTTA,ATCACTTCATATCTTT,4,27658,3130,39,-,30
GTACTAACGTGGTGTA,GTTAATACGTGGTGTT,5,27892,35253,8,+,8
GTCTAATGGTAAACGT,GACTAAAGGTAAGAGT,4,28010,14664,34,+,3
TACTGCTATAAGATAA,TATTTTTAAAAGATAT,5,28041,34500,40,+,0
TTAATCGCTATGTTAA,ATGACAGCTATGTTGA,5,28427,17377,73,+,1
ATATACATAGTCACAT,AACTACCTAAACACAT,5,166,2866,35,-,1
ATCTTATAGCAGTAGT,ATCATATAGTTGTAAT,4,428,34979,59,+,153
CCTAACTATCAGTAGC,ACTACTTATAAGTAGA,5,508,1422,22,-,6
CTTAGTATAGAGCAGT,CACATTATGAAGCAGT,5,545,5661,17,+,10
GACACTTTAATACACT,GACGAGTTAATTAAAT,6,631,10351,24,+,90
ACATATAATAAAATAA,ACATACTCTAAAAAAG,5,869,35615,146,-,0
GGAGAACACGAACAGT,GATGAAGACGAAAATC,6,886,5287,20,-,9
TCGAACCCACGTTTAC,AAAAACCAACGTTTAA,5,907,4193,19,+,1
TGCTCGCAATATGCAA,TGAAAGCAATATGAGA,5,956,28001,27,-,52
GACACTCATTTAACTA,AACATTCAGTTAAAGA,5,988,11781,30,+,33
CTTGCACCCTCCGCTT,CTGGCACGGATCAATT,7,1019,7612,18,+,1
ATGCCAAGAATAATCA,AGCCCACAAAAAATCA,5,1217,7778,77,-,26
CATTGATATCATTATC,CGAAGTTATCACTATC,5,1310,4336,74,-,1
ACTTGAACGTGATAAT,ACTTGTACTAGATGAT,4,1511,8228,46,+,1
GCTTGGCACGTTCCAA,TATTGGATCATTCCAA,5,1601,6260,21,-,6
CATACTCATTTGTCAA,CCTACACAGTATTCAA,5,1655,2380,53,+,38
CTAAAGTCAATAGCTA,TTAAAGTCAAGAAGTA,4,1705,20837,55,+,3
ATCAAATGCACTTTTC,ATCAAATGCTTAATTT,5,2029,35732,45,+,1
CTATGATTGACTTTGT,CTATAAAAGAATTTGA,5,2073,16194,87,+,1
GTGTTATACTATTTAT,TTGCTACATTAATTAT,5,2098,39651,66,+,2
TTATACTATTTATAGG,TTAGACTACTTATAAG,3,2101,1426,51,-,5
CAGCCAGAAGTAGACA,AAAGCATAAGTTGACA,5,2233,22582,23,-,15
CAATACATTTTGATTT,CTATGCAGTTTGATGT,4,2282,18015,119,+,1
TAAGAAAGATAATAAA,TGAGAGAGCAAATAAA,4,2420,13999,174,+,1
AGAAAGTGAGTGCATT,ATCAAGTGGGTGTGTT,5,2694,18412,54,+,7
AATTTATCATCAAGAA,AATTGATAAAAAAGAA,4,3040,9497,145,+,0
TTATCATCAAGAAAGG,TTATGGTAAATAATGG,5,3043,825,60,-,0
GTGTTGGTAAAGCTAA,TGGTTGCTAAAGATAA,4,3154,18291,89,+,0
CTAAAGGCAAAGCTAA,CTTGTGGAAAAGCTAA,4,3166,40270,54,+,2
GGCAAAGCTAAAGGTA,GGCAATGCTAAGGATA,3,3171,34534,41,+,1
ATTTTATGTATGATAG,ATTTAATAGATCTTAG,5,3265,24026,80,+,4
AAAATATATTTTAAAT,ACAATAGTTTATAAAT,4,4096,1709,213,-,94
ATTTTAAATAGGTTTA,ATTTTAAAAGGTCATA,5,4103,3399,102,+,14
TGTTATTATATACTAA,TGCTATTCAGTACTTA,5,4143,18555,74,-,12
GAAAAAAAAGAATTTA,GAAGAAAAAGAAGTTA,2,4239,16425,207,-,42
AAATCATCTTCAACGG,CAATCTTTATAAACGC,6,4410,1308,63,+,4
AAAGTAAGTACAGCCA,GAAGTAACCAAAGACA,5,4453,10519,44,+,12
AATCAGATGACTTTGC,TATAATCTGACTAAGC,6,4481,9095,56,+,1
CAGATGACTTTGCAGG,CAGAATGATTTGAAGG,5,4484,34740,52,-,4
AAGATATTTTGCCTAA,AAGATTTTATGTTTGA,5,4520,11220,93,+,7
CACTTGGTCTTATAAC,CAGTAGGGATTATGAC,5,4541,11817,33,+,0
GCTCAAGATTTAGCGC,GCGCTAGGTAAAGCGC,5,4587,19269,27,+,1
CGCAGGCAATGGCACT,CACTGGAAAAAGCAAT,6,4600,29519,20,-,0
AACATCAACGCTTGAA,TATTTCAACAAATGAA,6,4693,6470,43,+,7
GGAAATATGACAGCCA,CAAAAGACCACAACCA,6,4777,2803,33,-,1
GGAAAAAGCACAATGT,AGAAAAATCTCAATAT,4,4795,32897,41,-,1
TGGCAGAAGTCCTAAG,TGGCAGCAATAGAAAG,5,4924,5199,16,-,16
TTCCGAGCCATATATT,TTTCAAATCATAGATA,6,5065,694,31,-,203
CTAATAGAAAAAGTAA,CTAAAAGCAGAAGTAG,4,5277,5306,149,+,14
ACGAAAGAATCGTCAC,ACGGAAAAATTGGCTC,5,5316,3923,27,+,1
ACTTAGCTAAAGAGCA,ACTTAAATAATGCGCA,4,5344,32761,39,+,0
GCTAAAGAGCAAGGAA,CCAAAAGAGCAAGAAC,4,5349,30037,48,+,0
CTATGACTATTATTCA,TTATGAATATCATACA,4,5430,25778,60,+,0
TAAACGTGCATTGATT,CCAACGTTTAATGATT,5,5719,4198,70,+,2
GTATATATAGAAATAA,GTATAAAACGAAATTA,4,5815,31987,84,-,10
ATGGATACAATTGGAT,TTCGATACAACTATCT,6,5954,372,47,-,3
TTTCTGATAGTAGCGG,TATTTTATTGTAACGG,5,6083,19542,31,-,268
CTCTTGAAGTTAAAGA,CTTTTGAAATCTAAAA,5,6158,725,128,+,2
GTTAAAGAAGGCAGCG,CACAAAGTAGTCAGCG,5,6166,26386,13,+,1
AAGCTTTGTTAGCTTT,AAGCTAAGCTAGATTT,4,6191,17213,108,-,24
TGAATCACTAGCTGAA,CCAAGCAATAGATGAA,5,6242,3515,44,+,3
CTTAATTATCACAAAA,ATTAAACCTTACAAAA,5,6273,5009,87,+,11
AAAGTGGCAAGCGAAA,AAAGGAGATAACGAAA,5,6388,6879,51,+,15
GGTTGGTCTGATAAAG,ATTTGGACAGATATAG,5,6417,22042,26,-,2
CAATTACAAAAGTTTA,CACATACCAATGTTGA,5,6480,8130,152,+,17
GTAAGCATTATGCTAG,TAAAGCGTTATTATAT,6,6515,5590,27,+,0
GAATGAGACAAAGTAT,GAACAAGAAAAAATAT,4,6567,39353,74,-,0
GGAGCTATTGGGGTAA,GGAGTTATTGCGGTGG,4,6629,33083,23,-,3
TAGATATTTCAAGACA,TAGTTATTTGAATTTA,5,6677,15900,63,-,18
CATTTATTGTAGAAAG,AATTTATTTGAGTATG,5,6701,21190,94,+,2
GTGAGATTGAAGCGGT,ATGATATTGAAGCACA,5,6739,16301,56,+,0
TTTTACTGGTGAGTTT,GTTGACTGATGACTAT,5,6770,17902,71,+,78
CTTTAAAAGAATATGT,CTATAAAAGAATTTGA,3,6889,16194,115,+,1
TATTTATTATAGAAAG,AAGCTATTAAAGAAAT,5,6993,7354,137,-,1
CTTTCAGATACAGCAC,TTACCAGAAACAGCAC,4,7116,31124,38,+,1
ATCATGCAAGCGAGAA,ATCATGAAAGACAAGA,5,7174,12358,31,+,25
TAGAGCTTAAAAGCCA,TAAAGCGTATATACAA,6,7285,8968,31,+,5
CAAGGTTGGAAAGAAG,CATGGCTGGTAAAAAG,4,7299,27275,37,-,0
TTGAACAAAAAAAGAC,TTGAACAAATAGATAA,4,7371,14978,114,+,34
AATTTGATGACGGTAA,CTGTTGATGACGTTAA,4,7476,19024,75,+,1
TATATGATAATTCTTT,CATACCGTCATTCTTT,5,7512,6359,122,+,68
ATGGACGGAGCTAACA,CAGGACGCAGTTAACG,5,7592,21643,24,-,4
AGCAAGAAACAGAAAA,TTCAAGAAAAAGAAAA,3,7935,1835,106,+,0
CAGTAAGTACAGCAAA,AAGGAGGAACAACAAA,5,8014,942,75,+,1
TATTTGAAAAAGAAAA,TATTTGAAAATGATGA,3,8059,4779,292,+,0
CTGACTTCATTCAATT,TAGAATCCATTCAATC,5,8116,24934,53,-,2
GGTCGTGTACAAGCCA,GAACGTGAAATAGCTA,6,8154,9652,17,+,1
TACAAGCCAAGGAATC,TAGAATCCATTCAATC,5,8161,24934,35,-,2
GCTTTCACTTGGATCA,TCCATTACTTAAATCA,6,8418,9043,32,+,220
TTTGGTAAAATATATG,TTTGATGAAATACTTG,4,8523,11744,88,+,13
GATGAAATTCTTGGCG,GATGCAGTTATTAAAG,6,8654,12594,56,+,2
TCGAGCTTAATACGCA,TCGATCTAAAAGCACA,5,8688,36368,9,+,4
AGCTTACAGCGACAAA,ATGATAGTGCGACAAA,5,8756,32053,33,+,2
GCTAAACGTGCTGAAA,GCAAACCCCGCTAAAA,5,8804,23986,42,+,0
AGAATGGAGTTAAACA,AACATTCAGTTAAAGA,5,8961,11781,79,+,33
AATGGCTACGTCCTGA,AGTGGTTACGTCAAAA,5,8982,2324,18,+,1
ACATCGAGTTAAGAAA,AGATCGAGTCAAGGAG,4,9116,12417,53,+,32
GATTCATCATTAGATG,GAATTATCTTAAGACG,5,9271,14303,56,+,1
ATAGTATATAAAATAA,ATAGTTTATAAATTCC,4,9469,1706,160,-,25
ACCTGATTAAAACGAA,AATTGATAAAAAAGAA,4,9579,9497,49,+,0
AAACGAGTGACGGCTT,AAAATAGTCACGGATA,5,9657,29202,26,-,13
GCTTAGGAGTTTGCAA,TCTATGAAAGTTGCAA,6,9669,5489,48,+,17
TTTGCAAAGGTTGCAG,GTAGCAAACTTAGCAG,5,9678,32528,45,-,5
TGCTGGTATACATCAC,TATTGGGTTAAATCAC,5,9737,38937,21,+,1
CCAAAATAGAAAGACA,CCAAAAGAGCAAGAAC,4,9823,30037,87,+,0
AGTTAATGTTTGACAA,AGGTAACTTATGACAC,5,9845,2365,81,-,4
AATGTAATTATGAAAG,GATGCAGTTATTAAAG,4,9880,12594,110,+,2
ATGAAGAAAAAAGAAA,TTCAAGAAAAAGAAAA,4,9981,1835,211,+,0
CACACTGGAAGTCAGT,CACATTATGAAGCAGT,6,10054,5661,10,+,10
ATGGAAAAATATAGAC,ATGGAAGTATATTGTC,4,10203,7327,85,+,14
ATAGACAGGCGAACTA,ATAGACAGAAGCCTTA,5,10213,5032,13,-,42
CAGAAATAAGCCTTTT,TAGGCAAAAGGCTTTT,5,10289,7181,61,-,0
GTATTCTCAACTAAAG,GTGTATTCAAATAACC,6,10309,230,45,-,19
AAGAACCTAAATACTT,AACTACCTAAACACAT,4,10391,2866,78,-,1
AACCTAAATACTTAGG,ACCCTAACTACTTACA,4,10394,30653,42,+,3
CTTTAATGATAGCTGT,ATTTATTGAACGCTGC,5,10441,24776,59,+,0
TGATAGCTGTAGGTAT,TAATAGGGGTAACTAT,5,10447,30812,48,+,1
TCGCTATCACTTGGAT,AAGTTATCACTATCAT,6,10477,4334,21,-,260
ACTATGAAGAGCTTGC,ACTTTAAAGGTATTGC,5,10617,31343,31,+,6
GGCTGGTATACAATGC,GAGAGGTAGACAAGGC,5,10634,39571,8,+,2
AGAGCTGGCAAGAAAG,TAATCTGGAAAGATGG,6,10670,10688,27,+,1
GACAAAGACCGTAACA,GAAAAACAACGGAGCA,5,10700,31188,28,+,0
AGGCTTTAGACTATGC,ATGCTTTCGCACCTGC,6,10716,8884,21,-,4
TTGGAATTTATTGAAG,ATGGAAATTGTTCCAG,5,10904,32216,98,-,1
ATATTGTTTTATAGAA,ATTTTGCGATTTAGAA,5,10962,5147,131,-,2
ACACAAAAAGCTATAA,TAACAAAAATCGATAA,4,10997,21158,85,-,1
CTACACTTTAGTTGTA,CTTCTTTTTAGCGGTA,5,11048,457,19,-,1
AGCTAATACAGTCATC,AGCTATTAAAGAAATA,5,11095,7353,18,-,6
GAATTATTTACAATTA,AAATTAATTAAAAGGA,5,11207,4603,108,+,3
CAAAAGAAATCATAAC,CAAAAGCAATCATGGG,4,11365,36023,98,+,4
GCGTACTAAAAGAACA,TCGATCTAAAAGCACA,4,11469,36368,30,+,4
AAGTTAAATCTGAAAC,AAGAGATATCTGTATC,5,11514,10109,106,+,4
AAAAGATGAATAATTT,AAAGTTTGCATAATCT,5,11646,4470,222,-,55
TGAATAATTTAGGAAC,GGAAACGTTTAAGAAC,5,11652,12011,66,+,128
TTAGGAACAGGCGAAG,TTAAGAAAAATTGAAG,5,11660,20803,24,-,0
GAAGCGTAAAATGCAA,GAAATGGACAATGAAA,5,11749,2454,55,-,229
CGTAAAATGCAAAGGG,AGAAAAGTGAAATGGT,6,11753,9072,31,+,64
ATTACACAAGTACACA,ATCAAACAATTACAAT,5,11784,21762,43,-,0
TGAGCTTGGTTCTAAA,TTAACTTAGTCATGAA,6,11898,3568,38,+,1
AAAAATTTGAAATTAA,AAGAATTTGATGATAA,4,11927,4433,311,+,1
ATTGAAGCTATTAATC,ATTGAAGAAATTTAAC,4,12192,34887,81,-,0
CAATTGAAGCGCAAAA,CAATTAAAGCAAAATA,4,12215,32004,68,+,0
ATCGTATTGATTCAAA,ATCGTTATCATTCGAA,4,12276,19090,103,+,5
TCAAAAGGCTCATAAA,TTAAAAGTCGTAGAAA,5,12287,2682,68,-,52
CATAAAAGGGCGGATA,ATCAAACAGGCGGATA,5,12297,5986,35,-,1
AAAATATGAGCATATA,GAAATATGAGCATTGG,4,12374,7796,106,-,1
CATATAAGGCAAGCTA,GCGATAACGCAATCTA,5,12384,6826,45,-,1
GCAAGAGAACACGATG,GATAGTTAACACGATT,5,12486,28383,32,-,0
AACGATCTAATAATAG,AACGGTATAAACATCG,5,12511,2290,39,+,1
AGAACAGACCAATAAA,AAGACTAACCAATAAA,4,12572,17666,74,-,0
TTAAAAAATAGAAAGT,TAAAAAAATTGAAAAG,4,12612,22742,176,+,0
GCCCCACAATTAAGTG,GCCGAAATATCGAGTG,6,12653,10912,21,+,6
TGAAACGAATATCAAT,TGAAAGCAATATGAGA,5,12728,28001,79,-,52
CCAATCGAAGTTTTTA,GCAATCGTAGTTTATT,4,12756,20124,60,-,0
ATTGTTTTGCCCTGTA,ATTCAATTGCACAGTA,5,12939,13911,33,+,6
CTTCCACGGAACGTCT,ATTCAACAGAAAGTCA,5,13016,30441,23,-,15
TCACAGTATCACGATT,TCGTATTATGACGATG,5,13067,3085,26,-,1
TTTCTGGGTTTTGCTT,TTTTTGCGTTTTTTTG,5,13298,40215,82,+,1
GGATTACAACCCCGGT,GGTTATCAAACACGCT,6,13370,36498,16,+,1
CAATATCAGAAGTAGA,AGATAGCAGACGAAGA,5,13585,15219,61,+,2
TGCATATAAAACCCAC,TCCTTATTAAACGCAA,5,13625,2345,19,+,27
CAAGTCTACGTTTGAA,GACGTTTATGTTAAAA,6,13669,2193,36,-,3
TACCACGTGTTGCAAT,GACAACCTGGTGCAAA,5,13819,36791,42,+,0
CTGCTGATAAACTTAC,CTGTTGATGACGTTAA,5,14287,19024,86,+,1
ACTGCATTACCTTTTA,ACCGCTCTATATTTAA,6,14349,6384,39,+,19
AGTATATTGCACGTTA,AGTTTATGGCACAGAA,5,14423,10510,44,-,12
ATTTTCTACCGCCATA,ATTTTAAAAGGTCATA,5,14666,3399,30,+,14
AGTCATTAACATACAA,ATTCATTAGAATAGTA,5,14982,646,53,-,1
CTTGTGACGATTGTAG,ATTCTGACGAGTTTAA,5,15029,17285,26,+,0
TAATAGTAGACAACGC,GAGAGGTAGACAAGGC,5,15063,39571,16,+,2
TAGTAGACAACGCAGG,AAGTAGTCAGCGCGGT,5,15066,26390,15,+,3
TTGCTATGTACATTTT,TTGCTACATTAATTAT,5,15195,39651,84,+,2
CTATGTACATTTTAGG,GTATGTACAGATTAAT,5,15198,4241,23,+,183
TGAATAACAAGTTTCT,TTGTTAACAAGTTTTT,4,15375,2501,69,+,57
TTAAATTATTTTTACT,TTTACTTATTGTTTCT,4,15555,6095,174,+,5
GTCTACATCGGTCACA,AGAAACATCAATCACA,6,15688,2421,12,+,1
CAATTGGAACAACTTC,AAATTAAAACTATTTC,5,15753,12660,130,+,46
TGCCTTTGGTATTGGA,TATTTTTGGTATTTAA,5,15880,34217,35,+,0
TTTCTTTTTTACCATT,CTTCTTTTTAGCGGTA,6,15906,457,151,-,1
ATACATTATAGTAGTT,ATTCATTAGAATAGTA,4,15939,646,42,-,1
TTTCAAAGTCCATTAC,ATTCAAAGGCGCTCAC,5,16085,8770,54,+,7
AAAATCTAACTCCAGC,AACCTCTAATTGCAGA,5,16238,19871,38,+,1
CTCCAGCAGGTGTTTT,ATCAAGTGGGTGTGTT,5,16247,18412,67,+,7
GTTTAAATTCTATTTG,GTTTACATTCAATGAC,5,16694,29639,102,+,5
TGTAAGCCCAAATTAG,TGGGAACGCAAATTAT,5,16777,2330,27,-,270530
TATAAAAACTAATTAA,TATAAAACGAAATTAA,3,17791,31986,187,-,1
ACAAAACCTGCTGTTA,ACAAACACAGTTATTA,5,18381,31565,62,-,3
TTAAAGCGTCCAAAGT,TTAAACCTTACAAAAA,5,18781,5010,47,+,31
TTAACTCATTAGTCGT,TTATATCATTCGTCAT,4,20163,3617,38,+,66
TCTGTTTTGTCGTCTA,GCAGTTGTGACGTGGA,6,20186,2593,37,+,0
TCTCTGTAAAGTCATC,TCTATCGTTATTCATC,6,20271,34583,54,+,0
GACAAAAGAATTTTGT,GATGGAAGTATATTGT,5,20302,7326,86,+,0
TTGAACGAACTCCATT,TAGGATAAAATCCATT,5,20558,6791,54,-,0
CTTTTGTTGCTGGAAA,CTATTGATGTTGTAAA,4,20621,11190,93,+,56
AATCTTTCAAAGTGGC,TATTTTTCATAGAGGT,5,20901,21695,60,+,1
TAGCAGTAGTTACATT,TAGCGGGAAAAACATT,5,20952,4998,76,-,2
TTACATTAGGAATAAC,ATAGAGAAGGAAGAAC,5,20961,865,74,-,29
CAGCTAGAACTGTATC,AAGAGATATCTGTATC,5,21000,10109,54,+,4
TTTCGTACTCAATAGC,ATTCTAAATTAATAGC,5,21081,39235,28,+,0
CCAAAGTCCATTGGAT,AGCAAGTGCATGGGAT,5,21150,11502,33,+,1
CTGTTGGTGTCAAATG,TTGCTGGTGTCGACTG,4,21216,15819,43,+,1
CTTACGCCCTTTAATA,CCTACTGCCTTGCATA,5,21286,343,27,+,1
TTTTCCAATTACCAGT,GTTTACGATTAACACC,6,21321,9911,78,-,6
ATTTCGCCTTGAAGTA,TTTTCCCGTCAAAGTA,5,21419,38425,40,+,7
TATCTAGCATAAGTAT,TAGCTATCATAACTTC,5,21857,1365,31,+,82
GACCACCTGCACCACA,GACAACCTGGTGCAAA,5,22031,36791,18,+,0
AAATAACGTCATTTAA,AATCAACGTAATATAA,4,22289,23902,65,-,5
TCATTTTGTTATTTTT,TCATACCGTCATTCTT,5,22377,6358,205,+,83
CTGCTGGCAAAGTAAT,ACCCTGGCAACGGAAT,5,22563,34637,58,+,1
TTAGTTTTCCATTCAA,ATAGTTTTAGATTCGA,4,23025,4885,84,-,13
GGCATCAACTTTTGTA,GACGACAACTTTTTGT,6,23042,27145,70,+,31
GGTCTACCAATACAGT,GGTTTGACAATTCATT,5,23086,38206,16,+,7
CGTAACTCATCTAACA,GGTAACTTATGACACA,5,23214,2364,40,-,1068046
AACGACGTCCAGCAGT,AACGTGGTCCAACAGG,4,23263,36771,35,-,18
TCCCTCAACAAGAGCA,TTCCTTATTAAACGCA,6,23417,2344,34,+,34
ATTTATAAACCATTAC,ATTGATAAAAAAGAAC,5,23542,9498,87,+,7
GTTTTTCGATTAAATC,GTTTCTGAATGAAATA,5,24097,10710,120,-,32
GAATAAACTTTGCGTT,GAATGAATTGTTTTTT,6,24218,6215,49,-,0
TAATCTGTAATGTAAT,AAATGTGAAATCTATG,6,24316,7839,62,+,15
AAGCGTAAAGTCAGTC,AAACGAATAGACAGAA,6,24399,5038,19,-,6
CAAACTCAATGCAGTT,CTAGCTCAAAGCGTTA,6,24515,9195,26,+,9
CTTTCTACTGCCTTGT,CTTATTACAGTCTTGT,4,24670,20536,40,+,16
AACAGCAACTGCGTTA,AAAAGCAGCGACTTTA,5,24703,8705,32,-,0
GATTCTGTGTAAAAAT,TACACTTTTTAAAAAT,5,24780,14706,100,+,0
CAAGTTGGATCAATAA,AAAAATCAATCAATAG,6,24951,7069,79,+,126
AAGTTCCGATTTAATA,ATTTTGCGATTTAGAA,5,25057,5147,68,-,2
TTCTTTATTGTTGTTA,TTTTTCTACGTTGTTA,5,25181,395,111,-,94
TGTATTATCAATATCA,TGATTTAGGAATATCA,4,25219,37676,108,+,1
CCTCATTGATATAAAA,CTTTATTTATATGAAA,4,25326,17984,60,+,3
GCCTTACTAATTCTTC,ACTTTAGTAATCCTTC,4,25353,37726,50,+,0
ATCAAATACAGCGTAC,AAAAAATACAACCAAC,5,25429,7597,30,+,10
GCGTACAGGTCAACAT,TCGAAAAGATCGAAAT,6,25439,1641,19,-,1
TATTGCGTTCGCCCTT,TATATCATTCGTCATA,6,25503,3618,23,+,53
ATGGCAAGACTTACAA,ATGGCAGTACTTAATG,5,25834,24355,65,+,0
CTTACAAAGGAGTTGT,TCAACAAATGAATGGT,6,25843,6474,66,+,7
GGAGTTGTAGGTTATC,GCAATCGTAGTTTATT,5,25851,20124,21,-,0
TATATTCCAATCATCA,TATATATAAAGCAACA,5,25879,10245,55,+,6
TTGTCAAAGCAACAGT,TTGTCAAAAGAATACT,4,26092,25412,87,+,1
GTTAAATCGCCAATTA,GTGGGAACGCAAATTA,5,26601,2331,53,-,9
ATCGCCAATTAAGGAT,TTCAGCAATATAGGAT,5,26606,28588,33,-,2
AAGCTGTATCCTGCAT,AAGAAGTTTCCGGAAA,6,26707,14771,19,-,32
TAACTCCTGACCACTT,TAGCTCCTGTTGACTT,4,26797,21423,18,+,4
GGACACTGCCAATAAG,TTAGACTACTTATAAG,6,26815,1426,19,-,5
ACCACGTCCTAGATTA,ATCACTTCATATCTTT,6,27371,3130,20,-,30
TAGCTCAATTTTCATC,TATATCATTCGTCATA,6,27482,3618,79,+,53
CAGGTTACCAGTAGTC,GGGGTTACGAGCACTA,6,27497,15834,7,+,1
TTCAATTTTAGCTTTA,CTTCTTTTTAGCGGTA,6,27749,457,105,-,1
ATCTCCGCCATTCAGT,CTCATCGTCATTTAGA,6,27796,18363,19,+,1
TAGGATTATAAAGTTC,ATAGTTTATAAATTCC,6,27811,1706,64,-,25
GTCAGTTTGCTCGCTA,GATGGTTTGGTGGATA,6,27957,39254,29,-,1
GTTCTTCATACATCTT,GTTCAACATGCAGATT,5,28150,12032,62,-,9
TGAGAGATTTTCAAAG,TGCAAGACGTTCAAAA,5,28448,8541,55,-,0
TTAACATAGCGATTAA,TTAACTTAGTCATGAA,4,40,3568,58,+,1
ACAGCAATGCGAACAC,AAACAAAATCGAACAT,6,315,1802,27,+,6
GCGAACACTGGGTTAA,GCGAAAACCGGTATAA,4,323,23146,14,-,1
CTTAACACTTCGTCTA,CTTAAATCTTTATATA,5,716,15068,25,+,0
CACTAACCACGTTATC,TAATATCAACGGTATG,6,744,15706,25,+,0
CCCACGTTTACAGGTT,CCAACGTTTAATGATT,4,912,4198,17,+,2
GCAAAGGGCTGTTAGT,GCAAAGCGCTTTTAAT,3,968,30800,16,+,1
AATAGCTAGATAGTCA,AATAGAAATAGAGCTA,6,1150,3699,38,+,13
TACCACTCCTTAAAGT,TACCTTTACCTAAAAT,5,1175,6805,33,+,16
CACACCATTTACTGTT,AAATCCATCAATTGTT,6,1406,2890,51,+,132
CCGTCAGCAATAAGCT,CGGACAAAAACAAACT,6,1588,29375,32,+,0
ATGCACTTTTCAGGTT,ACGCAAGTTTGAGGAT,5,2034,24687,38,+,1
TTATAGGAGGTAACAA,TTATACGAAGTAAAGA,4,2110,13617,80,+,19
GGAAACATTAGAACTA,GAAAGGATTAGAATCA,5,2250,19103,46,+,18
AGGAGATAATAGATAA,AGGAGATGAGAGAAAA,3,2298,4091,66,+,5
GAATTTATACTAGCTA,GAACGTGAAATAGCTA,5,2316,9652,37,+,1
GGAGAAAATAAATAAA,TGAGAAAAGAAGTAAA,3,2437,24158,122,+,0
AGAAGTGTAGTTTATG,AAATGTGAAATCTATG,5,2483,7839,29,+,15
AAAGTTGCTTTAGAAA,GAAGCTGATTTAGATA,4,2596,18759,142,+,8
ATAATTGCCACCTTAG,CTAATCGTCATCTTGG,5,2635,5896,27,+,72
GCAATTTAACTAGAAG,GCATTTCAAAGAAAAT,6,2674,1938,43,+,1
TCCTGTTTGTAAAGTA,AACTGGTGGAAATGTA,6,2715,16467,45,+,3
TTCTTGTTTGATTGAT,TTATTGATCGGTTAAT,5,2754,35159,122,-,0
TGTTTGATTGATTGGG,TTTATTGATGATTGGG,5,2758,15926,40,+,2
AAAGGAGGTAAAAACA,AAAGGAGATAACGAAA,4,3054,6879,79,+,15
GTAAATATAAAGAGAC,ATAAATATAAATAAAG,4,3124,36206,52,+,1
GTCGTAAATGTCGTGT,CTCCTAATCGTCATCT,6,3142,5893,27,+,94543
AATTATGATTCACTTC,AGATATTAGTTACTCC,6,3222,3680,80,+,1
ATTAATCAAAAATCAC,ATTGATAAAAAAGAAC,4,3375,9498,120,+,7
AAAATCACTGGCAAGT,AAAATCAATCAATAGT,5,3383,7070,70,+,1
GGGCTAGAAGAAAATA,GTGTTAAAAGAGAAGA,5,3400,6581,56,-,17
ACAAAAACAAATAAAA,ACAAAAAGAAAATGAA,4,3441,12337,227,+,1
TTTATAGAAAAACTTA,TTTATTGAACAAGTAA,4,3484,9900,165,+,36
TGAAATTGATTTATCT,TGGACATAATTGATTT,6,3734,5952,103,-,1
GATTACTTAAATTTTA,GATTATGAACATTATA,5,3838,25689,121,-,5
AAAGCATTAAATGTAG,AAAGTTTTAACTTAAG,5,3943,929,73,+,1
TTAAATGTAGTGGTTA,TTAAAAGTCGTAGAAA,5,3949,2682,55,-,52
ATGTAGTGGTTATGGA,ATGTAATGGTCATGTG,4,3953,9148,55,+,2
TCAATATCACATTGCA,TCAATAAAATGTTGAA,5,3972,5832,42,+,969
TAGAAGATACGATAAA,TACAAGATACCTAAAA,4,4187,36481,68,+,0
TAAGGCGCAAAAAACA,TAACGATCATCACACA,6,4253,1177,51,-,195
TGCAGGAGGTTTGCTT,TGTAGCAGCTATTATT,6,4494,36427,33,-,47
TGCCTAAAGGTTCACT,TTCTTACAATTTCAGT,6,4529,6103,25,-,1
GATTTAGCGCAGGCAA,GATTTAGCGTTTTAAG,6,4593,5168,41,+,1
TAGGAGAGCCGTTCGC,TGGTAGATTTGATCGC,6,4615,14864,10,-,15
ACTTATATTTCTTACA,ACTTATATTGCTAATC,4,4735,39528,70,+,0
TATATTTCTTACATGG,GAATTTTATTACATGA,5,4738,12851,49,+,14
TTTCAAACTTGATACA,TATCTAACATGATACA,3,4760,804,75,+,101
TACTAGAAAAAGACAT,TTCAAGAAAAAGAAAA,4,4837,1835,60,+,0
AATGCAAACCAACCAA,TAAGCAAAACAAGCAA,4,4908,7862,58,+,2
AAGTATGTAACGTTTA,AACAATAAAACTTTTA,5,4983,11599,56,+,24
GTAACGTTTATGGTTG,GTAACGATTAGAAATG,5,4989,26662,39,+,1
ATGCTAGAAAACAAGC,TGGCTCGTAAAGAAGC,5,5011,18237,51,+,8
TACGACTATTCCAGCA,TAAAATTATACCAGAA,5,5087,6865,23,+,8
TAATAATGAGATTCTT,GAATACTGCGATTATT,4,5198,13312,101,+,6
TTCTTTGGGGATATGT,TTCCTTTAGGATACGT,4,5209,334,48,-,30
TACACGCTGAAGTGTA,AACTGGTGGAAATGTA,6,5562,16467,12,+,3
CGCTGAAGTGTATGGC,AGCTGAAGAAAATAAC,6,5566,5074,12,+,13
AATGATAAAAGCGGAG,AATCAAACAGGCGGAT,5,5605,5987,39,-,14
TGAACTTTTCAAAGTA,GGAAATTAACAAAATA,5,5632,21049,84,-,1
TTTTCAAAGTATGGCT,ACTTAAAAATATGGAT,5,5637,13274,75,+,3
CAACGATAATTAATTT,CAACGTTTAATGATTG,5,5789,4199,116,+,0
AAGGAGAACTAACAAA,AAGGAGGAACAACAAA,3,5830,942,89,+,1
ATTTTCTTGAAACTTT,ATTATCTTAAGACGTG,5,5876,14305,202,+,14
GTCACATCACTCGTTT,ATCACTTCATATCTTT,6,5933,3130,29,-,30
TCACTCGTTTTGGTTA,TCACTTGGTATTGAAA,6,5939,4945,44,+,0
TGGTTATGGATACAAT,TTGTAGTGGATAAAAT,4,5949,28550,48,-,1
TACGAGCAATTGAAAA,TAGAAGCAATTAGAAA,4,6007,4577,107,+,50
CTGCATTATATTATGC,ATACCTTGTGTTACGC,6,6104,17091,56,+,1
TGTACTTTGAAAAAAA,TGCACTTACAAAAACA,4,6340,9707,166,-,1
GACGAGTTTATCAAAG,GACGAGTTAATTAAAT,3,6376,10351,35,+,90
GAAAAGGCCAAAAAGT,AAAAAGGGCAGAAAAA,5,6400,80,97,+,4
AGGCCAAAAAGTTGGT,ACAACAAAGAGATGAT,6,6404,16985,52,+,3
CTAACGAGTGCTTGTA,CTATTGAGTACGAGGA,6,6593,3790,18,+,2
CTTAATAAGTGAATTA,CTTAAAAAGTCGAAAA,5,6612,22842,95,-,9
TGAATTATGGAGCTAT,TCAATTATGAGGCAAA,5,6621,20054,62,-,1
GAACAAAGATTTTTAC,GAAGAAAGGTTATAAC,4,6760,14104,99,+,7
GAAATAGAAATAGAAA,GAAATGGACAATGAAA,4,6953,2454,164,-,229
TAGAAAGAGGAGAAAA,TTGAAAGGAGAGAAAA,3,7002,5843,130,+,0
AAGGTAAACTTTACTT,AAGCTAAGCTAGATTT,5,7189,17213,70,-,24
GCTTAAAAGCCAAGGT,GCTTGATATCAAAGCT,5,7289,27960,30,+,3
ACTAAGTTATCTTTCT,AGTAAGTTTAGTTTCA,5,7399,15734,109,-,20
TTATCTTTCTTGGTCT,GTATCTTGTATGGACT,5,7405,15667,80,-,8
TTCTTGGTCTTGGGCT,TTATTGGAGTTGTAGA,7,7411,1066,64,-,206341
AATTCTTTAGGCATTA,AATTTTTAAAACATTC,5,7520,31810,95,+,0
TATTACACATGAAATG,TTTTACTCAAGAAAAA,5,7564,20634,57,+,0
ATGTGGCTTCCTGTAA,AAGAAGTTTCCGGAAA,6,7577,14771,24,-,32
AAAACTTAGCTATGTT,CTAACTTACCTAAGAT,5,7716,24953,83,+,7
TAGCTATGTTTGGACT,TAGCAATGTATGAGCT,4,7722,13680,39,+,4
GTTTATACATATATTC,GTGTATTCAAATAACC,5,7740,230,71,-,19
GAAGAACAAAAAGAGC,GAACGCAACAAAGAGC,5,7781,11476,87,+,33
ATCGAGCTGAAGAACT,ATACAGCGGAAGAGCT,4,7842,10224,55,+,4
CTTGGATATCCTAACA,AATGGTTATTCTAGTA,6,7856,4904,29,-,5
TGATATCATGAAGATT,TCGTATTATGACGATG,5,7909,3085,96,-,1
AAGGGGAATAATTAAA,AAAGGAGATAACGAAA,5,7950,6879,97,+,15
CTAAACAAGACTTATT,GTAAAGTATATTTATT,5,8260,17967,55,-,3
AACAAGACTTATTTGG,AATAAAACTTTTATGG,4,8263,11602,62,+,27
CTTTCTAGTAGAAAGT,GTTACGAGTATAAAGA,5,8317,7816,42,+,2
CAAATTATCGACATCG,AAAATTATTGGAGTTG,6,8364,1070,37,-,1
TGACGGAGCTTTCACT,ATCCGGAGCTATCACA,5,8411,10379,35,+,1
TTAACGCTTTAAAGTT,TTAGCGTTTTAAGGTG,4,8509,5171,64,+,4
TATAAATATAACTTTG,TATAACTAAAATTATG,4,8633,33311,89,+,10
TGGCTGATGAAATTCT,TGGTTAAAGAAGTCTT,6,8649,753,97,-,2
ATTCTTGGCGAGGGAA,AGTTTATTCGAGGGAA,5,8660,31486,22,+,0
ATACGCAAGGCAAACT,ATCCGAGAGGCAAACA,4,8697,16162,21,-,15
CGACAAAAGGAGCAAC,CGAGATAAAGATAAAC,5,8765,3678,54,-,8
AGCTACATTGAAACGC,ATCTAACATGATACAC,6,8858,805,15,+,153
TTAAACCTAGCTTGTT,TTAATTCTTGCATTTT,5,8901,14432,34,+,1
AAAGTGATTGAGTTCA,AAAGTTATTGGGATTA,4,8939,7648,67,+,3
AGTTCATGGAAAAGAA,AGTTTATGGCACAGAA,3,8949,10510,76,-,12
AGTTAAACAAGGTAAA,GGTTGAACTACGTAAG,5,8968,9684,67,+,8
TGAAGGAGTTGACGCT,TGAAGCAGTCGGCAGA,6,8995,5668,38,+,1
CAAAGAACGCATTATT,CAAACAACTTAATAGG,6,9016,2527,55,+,6
AAAGGAGTTACAACAA,AACGAAGGTGGAACAA,5,9130,3991,74,+,79
GTCATAGCATTACTAA,GTTATACCTTTATTAA,4,9176,28316,61,+,0
TTCAAGAAACTCCTGC,TTCAACAAATGAATGG,6,9299,6473,57,+,2
TTTAGTATCTATTATT,TGTAGCAGCTATTATT,3,9348,36427,92,-,47
ACAATTATTTTATTAG,AAAAATATTTTTTTAT,4,9406,22713,137,-,0
TTTTATTAGTGGTTTA,TTTGATGGGTGGTATA,4,9413,14399,94,-,8
ATGTTGAATTAATAGT,AAGTTGATTTAAAAGC,4,9501,27523,133,+,2
TAGCACTAGTCGGAAT,TTCCACCAATAAGAAT,6,9534,1694,25,-,21
ATATCTGTTATAGTTG,TTTGCTGTTATAGGTT,5,9705,38393,44,-,1
TCGCTGTTTACATTGC,TCCCTGATTACATTAG,4,9724,20886,35,+,0
AATGAACCTGAATTAC,AATGAACATGAATTAA,2,9776,13196,56,+,26
GGAACTTATAGAAAAA,TGCACTTACAAAAACA,5,9793,9707,108,-,1
AAAAACTTGCTGAAAA,AAAAAAGAGCTGAAAA,3,10015,7129,235,+,9
GAGAACGTCAGCACAC,GATAACGCAATCTAAC,6,10043,6824,21,-,0
TGATAGACTATTCCAT,TGAAAAACTAACTCAT,5,10130,20752,47,-,1
AAATACCCTAAAGTAA,ACTTCCCCTATAGTTA,5,10188,10467,70,-,144
CCGCAGATACCTATTG,CAGAAAACACATATAG,6,10259,2830,11,+,90
TACCTATTGTGGAAGT,TACGTAATGCGAAAGG,5,10266,679,45,+,4
ACTTATCGCTATCACT,ACTTATTGCTATCTTA,4,10472,34562,21,-,8
AACGTTGCTTATTACA,AAGGTAACTTATGACA,4,10505,2366,41,-,168
TGCTTATTACATGGAT,TCCTTATTAAACGCAA,5,10510,2345,37,+,27
AACATCTAATGAATTA,AACTTGTATTGAACAA,5,10533,12980,107,+,0
GCCAATGAATACGGTA,GAGAATGACTTAGATA,6,10568,3480,28,+,20
TGAAGAGCTTGCAGGC,TAAAGGTATTGCAGGT,5,10621,31347,15,+,1
AGTATCTAGTGAGAGC,ACTATTGAGTACGAGG,6,10659,3789,21,+,86160
ACTACTGACGACATTA,ACGATTGTCGACGTTA,4,10778,25338,42,-,13
TGATGATTTCAAACAA,AGATCATTAAACAAAA,6,10816,2276,99,+,19
ATTGATGAAAGATACT,ATTTTTAAAAGATATT,4,10889,34501,77,+,0
AAAGGGGATTAAACAA,AAAACGGTATAAACAT,5,10976,2288,74,+,0
TAATACAGTCATCAGG,TAACTTAGTCATGAAA,6,11098,3569,31,+,22
TCAGGTGGCTTGATAA,TTAGGAGACTTTACAA,5,11109,28690,33,+,1
CCTGTAATTGAACTGC,GCTATCCTTGAATTGA,6,11132,461,27,+,13
AACAAAGCAAACTGAA,AACATAAAAAACTAAC,5,11184,7573,88,-,0
ATTTACAATTAAGGAG,CTGAACGATTAAGGAG,4,11212,16257,52,+,0
ACAATTAAGGAGTGGT,TCAACAAATGAATGGT,5,11216,6474,24,+,7
AGGAGTGGTTGGATAA,AAGAATGTTTAGTTAA,5,11223,14271,25,-,1
GATAATGGAAAATGAA,GAGAATAAAAAATGAT,4,11234,36258,95,+,1
TTATTATATAGTCACA,TTATTACAAATACAAA,5,11255,11907,52,+,1
ACGAATTGAAAGACAC,ACGAATGAAAAAGAAC,5,11275,3819,29,-,344
TGGGACTATACAGTTT,AGCGATTTTACAATTT,5,11291,22960,22,+,0
ACAGGCGAAGAGGCTA,AGAGGGCAAGAGCCAA,5,11666,14619,18,+,2
TAGTGAGCCTTGAGCT,AAGTGATGTGTTAGCT,6,11888,4404,19,+,52
GGCTTTAATGATATTG,AACTTTTATTTTATTG,5,12315,15887,52,+,1
ATTTTTTAGCAATGAT,AATCGTTAGCACTAAT,5,12686,20219,149,+,19
ACGAACAATTGCCAAT,ACGAGCAACATGCGAT,6,12804,5751,54,+,128
CAATTGCCAATTGGTC,CAATTGGTAATGTGCC,5,12809,22329,60,+,1
TAAATCGCCCTCTGAT,TTTACAGTCCTATGAT,6,13158,13170,22,+,1
TGGCATACTTCCCAAC,TTGATTATTCACCAAC,6,13174,2983,24,+,60
GAGCAAAGCCATTTTC,CAGCATGGTCAATTGC,6,13286,3165,49,+,17
CAATCATCATAGAAAC,CAATCTTTATAAACGC,5,13321,1308,78,+,4
TGACCCAGCATCATTG,TTAACTAGAATAACTG,6,13353,25432,13,+,1
GTTCTTCTTCAACTTC,ATGATTCTGCAGCTGA,7,13444,309,128,+,1
GCAAACCAGCAAACAT,CCAAAACAACCAACAT,4,13495,40149,43,-,4
GTCTACGTTTGAAAGG,TTCAACAAATGAATGG,6,13672,6473,33,+,2
AAGTAATACTACCATT,AAAGAATAGCATCATT,5,13864,6436,46,+,10
TGGGTTTATATCAATA,TCCGTTTAAATCAATA,3,13880,20938,49,+,14
GACTTTGAACAACAGC,GATTATGAACATTATA,6,13933,25689,56,-,5
CAACAGCTGGACGAAA,CGTCATATGGACGAAA,4,13942,15577,41,-,4
CTGTCAACGTTTGAAC,CATTCAAAGATTCAAC,5,14089,12466,33,+,8
TAAGTCAATGTTTGCA,TAAAAGAATGTTTATA,5,14321,10613,48,+,35
TAAGGGCTGTATTTAA,GAAGGAGTGTATTAAA,4,14437,22130,44,+,0
CATTATTAGAACCGAC,CATTATTTGATGCTAA,5,14524,20141,35,+,0
GGAACTCTGTACTATT,GCAACTGTGTAATATG,4,14542,5622,24,+,1
TCGCTTTATCTAAAAC,TACCTTTACCTAAAAT,4,14615,6805,59,+,16
ATTCAATAACTCTAAA,ATTCAATAAATACAAC,4,14775,17851,99,+,33
CGCAGGAGGGTTTCCG,AGCGAAAGGATTTTCG,6,15076,29481,4,-,0
TCATAAAACAATGTTT,ACTTAAACCAATTTTT,4,15104,10086,105,+,6
TGGCTGTCCTTACATC,TAGCTATCATAACTTC,5,15120,1365,23,+,82
TAGGGTCTGTTTCAGA,TAGAGAATGTTTCTAC,6,15390,6754,27,+,23
GATGGAGCGTGTTGAA,GAAGGAGTGTATTAAA,4,15404,22130,27,+,0
GTTGAATGGTTGTAGT,GCTGAATGGTTAAACA,5,15414,7515,41,+,41
GGTTGAAATTGAACCT,GCTTGATATCAAAGCT,5,15431,27960,47,+,3
TTTTAGTTATTGCGTT,TTGGAGTTGTTGGCTT,5,15609,24431,104,+,0
CTAGAGCTTCTTCAAT,ATTGAGATTCTTTGTT,6,15741,14067,91,-,1
CTTGACATCTTGCCTT,CATCACTTCATATCTT,6,15870,3131,38,-,5
ATCTTGCCTTTGGTAT,ATAATTACTTCGGTAT,5,15876,35939,77,+,19
GTTGATTAGCTCCATT,GTACATTGTCTCTTTT,6,16038,134,51,-,19
CGTTCCATTCCAACCT,TGGATCATTCCAATCC,6,16122,6257,22,-,1
GCCCAAATTAGAGGGC,GACAAAATTATATGCA,6,16782,12763,12,-,11
TCTGTTCCGTCTAAGT,TAGATTCAGTCAAAGT,5,16843,22164,21,-,1
CCAGCAAAACTACCAA,TAAGCAAAACAAGCAA,4,17604,7862,60,+,2
TGCTCCGATAACTAAT,CGCTGAGAAAAATAAA,6,17696,3882,30,+,1
AATAGCCAATATAAGT,AATACCTAGGATAAAA,6,17729,6797,72,-,4
AAAACTAATTAAAGGC,ACAACGAAATATATGC,5,17795,11088,90,+,25
ACTAAACCAGCAACAA,AGTAGAGAAACAACAA,5,18213,16965,80,-,17
TGCCAAGAGCCACGAA,GGCCAAGAACGAGAAA,5,18244,30021,33,-,1
ATTATAGAACTAATAA,AATATAAAACGAAAAA,4,18759,3300,137,+,17
AGTACCACCAAATGCT,AAATCCATCAATTGTT,6,19112,2890,42,+,132
TCTTCAGTATTTGCAT,TCATCTGGATTTGTAC,5,19218,34594,75,+,0
TTTTGCAATGAAATCA,AATTACAAGGAAATCA,4,19311,23225,100,+,0
ATTTCTTTTGACCTGC,ATGTCTATTACCCAGG,6,19612,6036,48,+,2
TTTTATCGGTATTTGT,TTTCACAAGTATTTCT,5,19729,25485,97,+,10
CATTGCCTTTTGTTGC,CGTTGAACTTTGTTGA,5,20615,30482,70,+,1
TTTGTAGTCTTATGAA,TTTACAGTCCTATGAT,4,20734,13170,68,+,1
TTACGATATAGACACC,AAACGGTATAAACATC,5,20805,2289,30,+,85
TTAGAATCTTTCAAAG,TTAGACTACTTATAAG,5,20897,1426,78,-,5
CCGCTTTCCATTTTCT,GCGCTTATTACTTTCA,6,21035,10164,38,+,0
TACTGCCAAAGTCCAT,AACTACCTAAACACAT,6,21145,2866,26,-,1
TTGTTGCTTCTGCTGT,TTGTTGATACACGTGT,5,21204,16538,122,+,1
ATCTTCTTTGAGCGCT,AAAGCGTTTTAGCGCT,6,21382,1902,60,+,1
TCCTTTTTTCACTCCA,TCCTTATTAAACGCAA,5,21442,2345,46,+,27
TTTTCACTCCATGGTC,ATTACAATCCATTGTT,5,21447,16958,37,+,12
CTGGTACATCATCAGC,CTTGTAAATTATTTTC,6,21462,6619,58,+,33
GCTGTTAGTCTCCGCT,TTTGCTGGTGTCGACT,7,21484,15818,11,+,0
ACCAGTTACAATTTTA,AACAATAAAACTTTTA,5,21529,11599,68,+,24
TATGGTTAGTAAACTC,AATGGTTATTCTAGTA,6,21543,4904,31,-,5
TATAATTTCATTGAAT,TATAATCTGACTAAGC,6,21662,9095,94,+,1
TAAGTTACTTGACAAT,TAAGTTTATTGATGAT,4,21826,15922,71,+,11
AGTATAGGTATGACCA,TTTATTACTATGACCA,5,21868,20321,25,-,18
AGTATAATTGTACAAA,ACCATGATACTAAAAA,6,22065,2788,81,-,1
TTCTCTGTTTAACTGC,CTCTATATTTAACGGC,4,22551,6388,37,+,22
TGCGCCATTGTTCTGC,TGGGATATTTAACTGC,6,22718,32785,10,+,2
GTCAATGTGATATTTT,GGCAATGTTATTTTAT,4,23069,19561,86,+,1
CAATAGCGTCAGCAAA,CAATAGAGTACGTACA,5,23305,7990,78,+,2
GTTTTGCCAGCTGATT,GGTTTGACAATTCATT,5,23325,38206,61,+,7
GTATCAATAGTGAGTG,GCCGAAATATCGAGTG,6,23568,10912,29,+,6
TGTTTGTCCGTCTTTG,TTTTTCTACGTTGTTA,6,23603,395,36,-,94
TCCGTCTTTGTGGACT,TCTAACATTTTTGACT,6,23609,25036,34,+,1
ACCAACATTTGTAACG,AAAAACGTTGGTAAGG,5,23669,9507,34,-,18
GGAATACTTTGAATAC,GTTATAGGTTGAAAAC,5,23686,38387,55,-,7
ATTCAACTAATTTGCG,ATACAACCAACTGGCA,5,23734,7602,38,+,29
TAATTTGCGTGGAAGT,TATTTTTCATAGAGGT,5,23741,21695,45,+,1
TTTTATCTTTTCCTTT,TTATACGTAGACCTTT,6,23899,20017,181,+,10
CCAATTCTTGTACTTT,TTAATTCTTGCATTTT,4,23989,14432,104,+,1
TTGCGTTAGGGTCAGC,TTCCTTTAGGATACGT,6,24227,334,17,-,30
CAGCTTTGTTAATGTT,TAGCATAGTTCATGTA,5,24368,25930,90,-,22
CGTGTTCATATAGCAA,CTATTTCATAGAGATA,6,24482,773,32,-,1
TTCTGAACCAATGCCT,TTGGGAACATATCCCT,5,24570,31233,37,+,1
TTAATTTCAGCACTAT,TTAATTCTTGCATTTT,5,24622,14432,100,+,1
CATCTCCACCCTCAAT,AATTCACACCCGCACA,7,24735,997,39,+,1
ACCATTAATATTTTCA,ACAATCAATATATTTA,4,24799,3626,107,-,30
TGCAAACTTGAATAGC,TTGAAGCTTCTAGAGC,6,24844,6577,32,+,23
CAGTTCCTTTTCAAGT,CAGATCCTATTAATTT,5,24940,40185,61,+,5
CCGTCTTGTTATCAAC,GGGTGTTGTTATATAC,5,25128,21824,27,-,1
TTGATATAAAAAGGAC,TTAGTATAAATATGCC,5,25331,4810,81,-,0
GCTTGTCTTCTTGTTA,GAATCTCGGCTTTTTA,6,25819,10077,49,-,11
CGTTAGTTCTACAATA,TGATAGTTCTATTATA,4,25906,577,24,+,0
CCACTGCATGACTTTT,AGAGTGTTTGACTTGT,6,26192,10032,34,+,13
CATGACTTTTTGGTTA,TATGACTGTGAGGTTA,4,26198,11294,77,+,1
TTGTCGAATTGCTCTT,TAGGCAAAAGGCTTTT,6,26279,7181,49,-,0
AAATTTCATAGCGAGC,CTATTTCATAGAGATA,5,26344,773,42,-,1
AGTCTGCACCCTGTTT,AGTTAACGTCTTGTTT,6,26382,29245,19,-,12
AGAGAAAGTTAGCGTA,AAAGGAGGTTAGCCTT,5,26540,23593,29,+,2
ACTTATTCTGTAACGC,AATCATTTAGTAATGC,5,26749,39095,28,-,13
GTTTGCTTTTTGAAAG,GATTGCTTGTTAAAAA,4,27129,30206,97,+,0
TGTTTGATTCCGAACT,TGAGTTATTCGAAATT,6,27233,2403,43,+,1
TTTATTCAAACCCCTC,TTTATTAAAAGCAAGA,6,27679,30099,31,-,0
CTGGGACTTCGATTTC,CAGGGTATTCGACTAA,6,27694,14654,28,+,3
GCCGAACAATGCAAAC,TACGAAAAAGTTAAAC,6,28071,2085,25,-,1
AATTTTATCAATGATT,AAGTTTATTGATGATT,3,28121,15923,192,+,3
ATCTTAGGTAAAATTG,ATTGGCGGTAAAATCG,5,28161,23976,62,-,2
TCCTTTCTTTTAAATG,TATTTTGATTGAAATG,5,28209,34343,71,+,0
ACAACAATGCTATGCT,ACAACAAAGAGATGAT,4,354,16985,36,+,3
ATAGCCAATGTTATGA,ATAGGCACTGATAAAA,5,1434,29221,50,+,1
AATGTTCATATTCAAT,AAGGTTCATACGGAAC,5,1801,8044,109,+,0
AGAAAAATAAAATGTA,ACAAAAAGAAAATGAA,3,2841,12337,139,+,1
TTTGTTCTAATTGTAA,TTGATTCTATATCTAA,5,3091,6310,110,+,6
GAACAACCCAAAACAA,GATCAAACAATTACAA,5,3540,21763,83,-,0
TTTACGATGATGAAAA,TCGACGATGTTGTAAA,4,3878,36452,129,+,2
GAAGATAAAAGTATGA,GAAGTTATCACTATCA,5,4275,4335,68,-,69
TTAAAATCATCTTCAA,ATAAAATAATCTTCGA,3,4407,27544,139,+,0
TGGGGATATGTTGGCT,AAGTGATGTGTTAGCT,5,5214,4404,22,+,52
GATGAAATGATAAAAG,GATGCAGTTATTAAAG,4,5600,12594,102,+,2
GATACAATTGGATAGG,CAAACAACTTAATAGG,5,5957,2527,26,+,6
TTGAAGCTGTCATTAA,ATGATGCAGGCATTAC,5,6026,4544,92,-,1
ACTTTTCTGATAGTAG,ACTTTTCGGACTGTTA,5,6080,18887,39,+,3
CTAAGTGAGATTGAAG,TTAAGAAAAATTGAAG,4,6735,20803,42,-,0
TCAAAAAACTATGCTT,ACAAAATTATATGCAA,6,7227,12762,81,-,1
TTAAAAAATTTGATGA,TTAAATATTTCGATGG,4,7470,21465,234,+,3
GGCTTCCTGTAATGGA,GCTATCCTTGAATTGA,6,7581,461,23,+,13
CTTATAAGACTAAGTT,TTTACAACACTAACTC,5,7632,27358,57,+,14
GCGTAAAAGTTGCGTA,TGGCAAAAGTTAAGTA,5,8083,21294,25,+,0
AAAGTTGCGTACGGTT,TAGGTGGCGTAATGTT,5,8088,33922,26,+,0
TTAGGCGACACAGTAA,TAAAGCAATAGAGGAA,6,8130,6861,18,-,1
ACACAGTAACGGTCAG,AGTGTGGAACGGTTAG,6,8137,10177,13,-,21
AACTTTGTTTTCCCTA,AACTTTTATTTTATTG,6,8196,15887,67,+,1
CCTATTGAAGTTAATT,GCAATCGTAGTTTATT,5,8289,20124,90,-,0
TAAGACAAGACTTTGA,TCAAAGAATACTTTGC,5,8398,15807,74,+,2
TGCCATTTGACTTTGA,TGCTAATTAACCTGAA,6,8449,17522,50,+,1
CAAAAGTTGCTTGATA,ATGAAGTTGCATTATA,5,8825,38839,84,+,2
AAAACTTTTTGCTTGA,AAGATTTTATGTTTGA,4,9071,11220,114,+,7
AAGAATGTATCACTTG,TAGAGTGTTTGACTTG,4,9155,10031,46,+,4
GAAAATGTGATTATTG,TATAATGTTATTTTTG,4,9194,16768,92,+,1
AAAATGAATTAATTTA,ACAATCAATATATTTA,4,9236,3626,229,-,30
TCTATTATTTGGTTTG,AAAATTATTGGAGTTG,6,9355,1070,45,-,1
TTATAATAGCACTAGT,TTTTGTTAGCAGTATT,5,9528,26082,63,+,1
ACATTCAAACGAGTGA,ATATTAGATCGAGTCA,5,9651,12412,43,+,2
ACTATGCCAATGAATA,TTTATGGCAAAGATTA,5,10563,23620,71,+,1
GCTTATAACCCTACAA,ACCCCTAACCTTACTA,6,11021,6273,42,+,2
AATGTGCTAAGTATTT,AACGTCCCAAGGTTTT,5,11070,21631,85,-,0
AAAATAACTGAAATCA,ACTATAACTAAAATTA,4,11403,33309,164,+,0
TAGTTCAAAATATCCA,TATTTCAACAAATGAA,5,11811,6470,80,+,7
ATATAGAAGAAGAAGA,AGATAGCAGACGAAGA,3,11968,15219,145,+,2
AAATTCTAATAAATGC,CAATCTTTATAAACGC,5,12163,1308,133,+,4
AAGGCTCATAAAAGGG,AAGTCACATGAAAAAG,5,12291,13044,34,-,18
CCACCATGAGCTTCCA,CTATCATGGCTTTCAA,6,13006,24239,18,-,0
TTGTGGATTACAACCC,TTGATGTCTATTACCC,6,13366,6033,12,+,18
TACTAGTCTGAACAGT,TACGAGCCCTACCAGT,5,14161,15525,26,-,2
ATACTCATATAACATT,ATACTTTCACATCATT,5,14859,38488,74,+,142
TTACTTTCGTCTACAT,TTCCTTTAGGATACGT,5,15680,334,54,-,30
CCAACTTCTACCGAAA,CCAACGTTTAATGATT,6,15794,4198,38,+,2
GTGTTTTAGGTAGTTG,GTGTTATCGGTATTTT,4,16256,25310,44,+,1
TTATAGCCTCCTAGTT,ATTTTTCTTCCTAGTT,5,16381,482,31,+,0
GCCTTTTTACCTGTTT,GCGATTTTACAATTTT,5,18177,22961,69,+,1
CATATTGTTTCAAAGC,ATTACTGTTACAAAGA,5,18952,20508,74,+,0
AATTGCGCCATTTTAT,AATTTTGCGATTTAGA,6,19719,5148,76,-,120
CTAAGCCCTGACATAG,CTAAAAGCAGAAGTAG,6,19788,5306,12,+,14
GAACTCAAAGCTAGAA,GAACTCAAAAGGGGAA,4,20474,13937,50,-,1
GTTACTGAAACTCCTG,TTTGATGAAATACTTG,6,20756,11744,34,+,13
TCTTCATAACCGTCAG,CACTCCTAATCGTCAT,6,20780,5891,30,+,1
GATTAATCTAGTTCTT,AATGAAGATAGTTCTT,4,21892,27793,54,+,8
TTTAATAGCTATTGAA,TGTAAGAGATTTTGAA,4,22830,6729,80,-,2
AAGCTGTTACTAAAAT,AAGCTATTAAAGAAAT,4,22871,7354,99,-,1
ATCTAACAAGGCTTTA,ATCTTACAAGGTATTG,4,23222,20263,40,+,1
ACGTCCAGCAGTAGGG,AAGTCCTGGGGTTGGT,6,23267,38533,15,-,1
TTTAAGTTCTGCCAAG,GGTAAGTTTTGTCACT,6,24074,4934,35,+,60
TTCTTTCAAAGCGTTA,CTAGCTCAAAGCGTTA,4,24147,9195,72,+,9
CTTAACTACTCGTCTG,TTTAACTACACGTCTG,2,24898,31412,9,-,6
TCATCTTTGTTTAAAA,TCATCGTCATTTAGAT,5,25082,18364,118,+,0
TTGCCTTACATAATCA,TGCACTTACAAAAACA,5,25984,9707,61,-,1
TAAAGTCATTAATATG,TAGAGTAATTAACATA,4,26404,14531,73,+,1
CAAACGAACGATACAG,AAGACATTTGATACAG,6,26583,10214,13,+,0
TTAGTTTAGTGTCTTG,TCAAATTTGTGTCTCA,6,26677,24845,43,+,3
ACCACCAACGCTGTGT,AATATCAACGGTATGT,5,27460,15707,13,+,14
AATAGCTTGCGTAACA,AATACCTAGGATAAAA,5,27539,6797,46,-,4
TGATTTGGCTAAAAAG,TTATTTGGCGTTCAAG,5,28132,15362,67,+,2
TAACATAGCGATTAAT,TAAAATGGCGGTTAAA,4,41,23997,36,+,0
CATAGCGATTAATGGG,CTGAACGATTAAGGAG,5,44,16257,22,+,0
CAGCAATGCGAACACT,CTAAAATCCGAACTTT,6,316,24248,32,+,2
TTAGTATAGAGCAGTA,TTATTACAGGTCATGA,6,546,4292,21,+,1
GCTCGCAATATGCAAA,GCGCGCAATAGACAGT,5,957,10043,34,-,26
TCTTGTTTGATTGATT,TGATGAGTGTGTGATT,6,2755,254,112,-,1
ATTATGATTCACTTCT,TTTATTATGCACTTTT,4,3223,18877,77,+,9
AAATCACTGGCAAGTT,AAAGCAGTGGCCAATT,4,3384,5136,58,+,4
AGAAGATACGATAAAT,AGGAGATGAGAGAAAA,5,4188,4091,58,+,5
GAAATATGACAGCCAA,GAGATACGAACGTCAA,5,4778,10849,53,-,6
GAAAAAGCACAATGTA,GAAAAGGAGCAATGCC,5,4796,22899,63,+,2
ACTAGAAAAAGACATT,AATAGAAATAGAGCTA,5,4838,3699,101,+,13
AATAATGAGATTCTTT,CATACCGTCATTCTTT,5,5199,6359,123,+,68
AAACGTGCATTGATTA,CAACGTTTAATGATTG,5,5720,4199,54,+,0
AATTACAAAAGTTTAA,AAAAACCAACGTTTAA,4,6481,4193,126,+,1
AATGAGACAAAGTATA,AGTGACAGAAACTATT,5,6568,3779,93,+,1
GAATTATGGAGCTATT,GAGTCAAGGAGGTTTT,5,6622,12422,43,+,2
AGGTAAACTTTACTTT,ATGTGTACTTTGATTT,5,7190,33253,74,+,115
TATCTTTCTTGGTCTT,TATTTTTCTACGTTGT,5,7406,397,69,-,1
TCTTGGTCTTGGGCTT,TCTTAGCCTTTGGGAA,6,7412,34551,44,-,29
ATTTGATGACGGTAAA,AGGTGATGACGGCGAA,4,7477,21601,70,+,0
GCAAGAAACAGAAAAA,CCAAGCAATAGATGAA,5,7936,3515,109,+,3
TTGGTAAAATATATGA,TTGATGAAATACTTGA,4,8524,11745,125,+,40
ATGAAATTCTTGGCGA,ATGTATTTCGAGGAGA,5,8655,16895,71,+,0
TTGCAAAGGTTGCAGA,TTGGAAACGTTTAAGA,4,9679,12009,82,+,1
AAAACTTGCTGAAAAT,AAAAAGGGCAGAAAAA,5,10016,80,146,+,4
ACCTATTGTGGAAGTT,AGCTACTGTCGAAGCT,4,10267,23937,35,+,4
GCTTATTACATGGATT,CTATATTACAAGTATT,5,10511,25706,72,+,0
GAGCTGGCAAGAAAGA,GTACTGGTAAGAAATT,5,10671,9965,44,-,45
CTACTGACGACATTAT,ATTCTGACGAGTTTAA,5,10779,17285,34,+,0
TATTGTTTTATAGAAA,TATCGGATTTTAAAAA,5,10963,19574,105,+,0
CGAATTGAAAGACACT,TGAATAGAATGACGTT,5,11276,14900,47,+,55
AAAAGAAATCATAACA,AAGAAAGGTTATAACA,5,11366,14105,116,+,3
AAGCGTAAAATGCAAA,AAGAGTTAGATCCAAA,4,11750,20060,61,+,0
CAAAAGGCTCATAAAA,AAAAAAGGGCAGAAAA,5,12288,79,101,+,0
ATAAAAGGGCGGATAA,AAAAAAGGGCAGAAAA,3,12298,79,57,+,0
CCCCACAATTAAGTGA,CAACAGGATTTAGTGA,5,12654,10412,24,+,2
AATTGCCAATTGGTCT,AATTAGCATTTGCAAT,6,12810,9934,49,+,48
TTCCACGGAACGTCTA,TTTAACGAAACGTTCG,6,13017,8867,16,+,15
AGCAAAGCCATTTTCT,GGCAATGTTATTTTAT,5,13287,19561,56,+,1
TTCTTCTTCAACTTCT,TGCTTTCGCACCTGCT,6,13445,8883,116,-,1
CAAACCAGCAAACATT,CAAAACAACCAACATC,4,13496,40148,61,-,0
GCATATAAAACCCACA,TCAGTTAAAAACTACA,5,13626,24537,30,+,8
TCTACGTTTGAAAGGT,TCAACAAATGAATGGT,5,13673,6474,34,+,7
AGTAATACTACCATTT,AGTAATGCAATCATTT,3,13865,30090,49,+,0
TGCTGATAAACTTACA,CGCTGAGAAAAATAAA,5,14288,3882,47,+,1
GTATATTGCACGTTAA,GTATTTTGGGCTTTAA,4,14424,25333,24,+,3
ATTATTAGAACCGACT,ATTAGTCTCACGGACA,6,14525,2978,40,-,71
CGCTTTATCTAAAACT,TGCTATAACTAAAATG,5,14616,27855,57,+,0
TTGTGACGATTGTAGA,TGGAGAAAATTGTAGA,4,15030,14006,54,-,1
AGTAGACAACGCAGGA,AATTGACACCTCAAGA,5,15067,873,6,+,254
TATGTACATTTTAGGA,TATTTACTTTTTAGGC,3,15199,4976,38,-,1
GAATAACAAGTTTCTA,GAATGACGAGTTTTAA,4,15376,12729,65,+,1442
TAAATTATTTTTACTA,CAAGTTATTTACACTT,5,15556,14451,131,-,0
TACATTATAGTAGTTA,AAAATTATTGGAGTTG,5,15940,1070,38,-,1
TTCAAAGTCCATTACA,ATGAAAGAGAATTACA,5,16086,23216,50,+,1
GTAAGCCCAAATTAGA,GTAAAGACATATTAGA,4,16778,12404,27,+,1
TTATAGAACTAATAAT,TTAGACTACTTATAAG,5,18760,1426,125,-,5
ATATTGTTTCAAAGCC,ATAGTTTATAAATTCC,6,18953,1706,57,-,25
TTTATCGGTATTTGTT,ATTATCTGTAGTTTTT,4,19730,6011,110,-,0
TTCGTACTCAATAGCA,TTCGTATTCGTTAAAA,5,21082,26966,40,-,4
CAAAGTCCATTGGATA,CAATATACGTTGAATA,5,21151,21519,44,+,2
CATTTTGTTATTTTTA,TATAATGTTATTTTTG,4,22378,16768,149,+,1
ACGACGTCCAGCAGTA,ACTTGATGAAGCAGTA,6,23264,11806,12,+,2
CCGTCTTTGTGGACTT,GCGTTATTGAGGGATT,6,23610,33106,31,+,0
GAATACTTTGAATACT,GAATACTGCGATTATT,4,23687,13312,77,+,6
AATAAACTTTGCGTTA,GATAATCTCGGAGTTA,5,24219,16317,56,-,1
CGTACAGGTCAACATA,AGTAGAGCTTAAGATA,5,25440,26954,21,+,3
GAGTTGTAGGTTATCA,AAGTTGTTGGTTACGA,4,25852,15536,38,-,11
TGTCAAAGCAACAGTA,TATCAAAACAGCTGAA,5,26093,7505,37,+,3
AATTTCATAGCGAGCT,AGTTTCAGAACGAACA,5,26345,17544,37,+,15
CTTATTCTGTAACGCT,CTAATTGTTTATCGAT,5,26750,1389,45,+,97
AACTCCTGACCACTTA,AAATCGTTAGCACTAA,5,26798,20218,26,+,1
TTATTCAAACCCCTCT,TTCTTCAATACTGTCT,5,27680,28051,53,+,1
AGGATTATAAAGTTCA,ATGGTTATAACGATCC,5,27812,38734,73,+,5
TCTTAGGTAAAATTGT,TTTTAGGGAAATTCGT,4,28162,34229,100,-,17
